K,Cluster,Centroid
2,1,"[0.214849,0.326527,0.274715,0.655062,0.804301,0.680761,0.625606]"
2,2,"[0.850817,0.475851,0.451932,0.427112,0.222268,0.352596,0.427857]"
3,1,"[0.214849,0.326527,0.274715,0.655062,0.804301,0.680761,0.625606]"
3,2,"[0.242594,0.878013,0.843143,0.464722,0.343194,0.226639,0.399811]"
3,3,"[0.871586,0.462118,0.438574,0.425828,0.218138,0.356897,0.428815]"
4,1,"[0.214849,0.326527,0.274715,0.655062,0.804301,0.680761,0.625606]"
4,2,"[0.242594,0.878013,0.843143,0.464722,0.343194,0.226639,0.399811]"
4,3,"[0.896543,0.629597,0.527005,0.410031,0.204432,0.211477,0.281049]"
4,4,"[0.842688,0.268196,0.336181,0.444119,0.234009,0.525279,0.599912]"
5,1,"[0.214849,0.326527,0.274715,0.655062,0.804301,0.680761,0.625606]"
5,2,"[0.242594,0.878013,0.843143,0.464722,0.343194,0.226639,0.399811]"
5,3,"[0.896543,0.629597,0.527005,0.410031,0.204432,0.211477,0.281049]"
5,4,"[0.846415,0.267801,0.336181,0.44461 ,0.233211,0.525718,0.595655]"
5,5,"[0.492393,0.305309,0.336145,0.397977,0.308994,0.484027,1.      ]"
6,1,"[0.09098 ,0.490212,0.544701,0.777861,0.77877 ,0.521185,0.422481]"
6,2,"[0.250067,0.279989,0.197955,0.620149,0.81156 ,0.72613 ,0.683357]"
6,3,"[0.242594,0.878013,0.843143,0.464722,0.343194,0.226639,0.399811]"
6,4,"[0.896543,0.629597,0.527005,0.410031,0.204432,0.211477,0.281049]"
6,5,"[0.846415,0.267801,0.336181,0.44461 ,0.233211,0.525718,0.595655]"
6,6,"[0.492393,0.305309,0.336145,0.397977,0.308994,0.484027,1.      ]"
7,1,"[0.09098 ,0.490212,0.544701,0.777861,0.77877 ,0.521185,0.422481]"
7,2,"[0.250465,0.277404,0.198256,0.620843,0.811384,0.727811,0.683666]"
7,3,"[0.169197,0.804729,0.136831,0.479245,0.847427,0.384983,0.620581]"
7,4,"[0.242594,0.878013,0.843143,0.464722,0.343194,0.226639,0.399811]"
7,5,"[0.896543,0.629597,0.527005,0.410031,0.204432,0.211477,0.281049]"
7,6,"[0.846415,0.267801,0.336181,0.44461 ,0.233211,0.525718,0.595655]"
7,7,"[0.492393,0.305309,0.336145,0.397977,0.308994,0.484027,1.      ]"
8,1,"[0.09098 ,0.490212,0.544701,0.777861,0.77877 ,0.521185,0.422481]"
8,2,"[0.250465,0.277404,0.198256,0.620843,0.811384,0.727811,0.683666]"
8,3,"[0.169197,0.804729,0.136831,0.479245,0.847427,0.384983,0.620581]"
8,4,"[0.250714,0.862533,0.914833,0.469499,0.361682,0.187407,0.357958]"
8,5,"[0.193877,0.970893,0.413003,0.436056,0.232265,0.462028,0.650924]"
8,6,"[0.896543,0.629597,0.527005,0.410031,0.204432,0.211477,0.281049]"
8,7,"[0.846415,0.267801,0.336181,0.44461 ,0.233211,0.525718,0.595655]"
8,8,"[0.492393,0.305309,0.336145,0.397977,0.308994,0.484027,1.      ]"
9,1,"[0.09098 ,0.490212,0.544701,0.777861,0.77877 ,0.521185,0.422481]"
9,2,"[0.250465,0.277404,0.198256,0.620843,0.811384,0.727811,0.683666]"
9,3,"[0.169197,0.804729,0.136831,0.479245,0.847427,0.384983,0.620581]"
9,4,"[0.250714,0.862533,0.914833,0.469499,0.361682,0.187407,0.357958]"
9,5,"[0.193877,0.970893,0.413003,0.436056,0.232265,0.462028,0.650924]"
9,6,"[0.896543,0.629597,0.527005,0.410031,0.204432,0.211477,0.281049]"
9,7,"[0.804087,0.111815,0.32301 ,0.68372 ,0.307465,0.589588,0.52144 ]"
9,8,"[0.870401,0.356193,0.343645,0.309115,0.191133,0.489524,0.637711]"
9,9,"[0.492393,0.305309,0.336145,0.397977,0.308994,0.484027,1.      ]"
10,1,"[0.09098 ,0.490212,0.544701,0.777861,0.77877 ,0.521185,0.422481]"
10,2,"[0.250465,0.277404,0.198256,0.620843,0.811384,0.727811,0.683666]"
10,3,"[0.169197,0.804729,0.136831,0.479245,0.847427,0.384983,0.620581]"
10,4,"[0.250714,0.862533,0.914833,0.469499,0.361682,0.187407,0.357958]"
10,5,"[0.193877,0.970893,0.413003,0.436056,0.232265,0.462028,0.650924]"
10,6,"[0.897744,0.627864,0.526582,0.413059,0.203416,0.208518,0.28224 ]"
10,7,"[0.765586,0.818444,0.573046,0.080011,0.315252,0.534   ,0.151241]"
10,8,"[0.804087,0.111815,0.32301 ,0.68372 ,0.307465,0.589588,0.52144 ]"
10,9,"[0.870401,0.356193,0.343645,0.309115,0.191133,0.489524,0.637711]"
10,10,"[0.492393,0.305309,0.336145,0.397977,0.308994,0.484027,1.      ]"
11,1,"[0.09098 ,0.490212,0.544701,0.777861,0.77877 ,0.521185,0.422481]"
11,2,"[0.250465,0.277404,0.198256,0.620843,0.811384,0.727811,0.683666]"
11,3,"[0.169197,0.804729,0.136831,0.479245,0.847427,0.384983,0.620581]"
11,4,"[0.250714,0.862533,0.914833,0.469499,0.361682,0.187407,0.357958]"
11,5,"[0.193877,0.970893,0.413003,0.436056,0.232265,0.462028,0.650924]"
11,6,"[0.897744,0.627864,0.526582,0.413059,0.203416,0.208518,0.28224 ]"
11,7,"[0.765586,0.818444,0.573046,0.080011,0.315252,0.534   ,0.151241]"
11,8,"[0.804087,0.111815,0.32301 ,0.68372 ,0.307465,0.589588,0.52144 ]"
11,9,"[0.892508,0.42783 ,0.502855,0.341563,0.116207,0.674704,0.301238]"
11,10,"[0.867944,0.348233,0.325955,0.305509,0.199459,0.468949,0.675097]"
11,11,"[0.492393,0.305309,0.336145,0.397977,0.308994,0.484027,1.      ]"
12,1,"[0.048538,0.680219,0.659499,0.695293,0.681058,0.381204,0.428547]"
12,2,"[0.108577,0.411428,0.497101,0.812096,0.819284,0.579226,0.419966]"
12,3,"[0.250465,0.277404,0.198256,0.620843,0.811384,0.727811,0.683666]"
12,4,"[0.169197,0.804729,0.136831,0.479245,0.847427,0.384983,0.620581]"
12,5,"[0.250714,0.862533,0.914833,0.469499,0.361682,0.187407,0.357958]"
12,6,"[0.193877,0.970893,0.413003,0.436056,0.232265,0.462028,0.650924]"
12,7,"[0.897744,0.627864,0.526582,0.413059,0.203416,0.208518,0.28224 ]"
12,8,"[0.765586,0.818444,0.573046,0.080011,0.315252,0.534   ,0.151241]"
12,9,"[0.804087,0.111815,0.32301 ,0.68372 ,0.307465,0.589588,0.52144 ]"
12,10,"[0.892508,0.42783 ,0.502855,0.341563,0.116207,0.674704,0.301238]"
12,11,"[0.867944,0.348233,0.325955,0.305509,0.199459,0.468949,0.675097]"
12,12,"[0.492393,0.305309,0.336145,0.397977,0.308994,0.484027,1.      ]"
13,1,"[0.048538,0.680219,0.659499,0.695293,0.681058,0.381204,0.428547]"
13,2,"[0.276115,0.125585,0.697529,0.746625,0.802981,0.522214,0.458398]"
13,3,"[0.099986,0.426087,0.486823,0.815454,0.820121,0.582149,0.417995]"
13,4,"[0.250465,0.277404,0.198256,0.620843,0.811384,0.727811,0.683666]"
13,5,"[0.169197,0.804729,0.136831,0.479245,0.847427,0.384983,0.620581]"
13,6,"[0.250714,0.862533,0.914833,0.469499,0.361682,0.187407,0.357958]"
13,7,"[0.193877,0.970893,0.413003,0.436056,0.232265,0.462028,0.650924]"
13,8,"[0.897744,0.627864,0.526582,0.413059,0.203416,0.208518,0.28224 ]"
13,9,"[0.765586,0.818444,0.573046,0.080011,0.315252,0.534   ,0.151241]"
13,10,"[0.804087,0.111815,0.32301 ,0.68372 ,0.307465,0.589588,0.52144 ]"
13,11,"[0.892508,0.42783 ,0.502855,0.341563,0.116207,0.674704,0.301238]"
13,12,"[0.867944,0.348233,0.325955,0.305509,0.199459,0.468949,0.675097]"
13,13,"[0.492393,0.305309,0.336145,0.397977,0.308994,0.484027,1.      ]"
14,1,"[0.048538,0.680219,0.659499,0.695293,0.681058,0.381204,0.428547]"
14,2,"[0.276115,0.125585,0.697529,0.746625,0.802981,0.522214,0.458398]"
14,3,"[0.099986,0.426087,0.486823,0.815454,0.820121,0.582149,0.417995]"
14,4,"[0.250465,0.277404,0.198256,0.620843,0.811384,0.727811,0.683666]"
14,5,"[0.169197,0.804729,0.136831,0.479245,0.847427,0.384983,0.620581]"
14,6,"[0.250714,0.862533,0.914833,0.469499,0.361682,0.187407,0.357958]"
14,7,"[0.193877,0.970893,0.413003,0.436056,0.232265,0.462028,0.650924]"
14,8,"[0.906304,0.460323,0.502919,0.685954,0.316996,0.153509,0.195414]"
14,9,"[0.896483,0.652555,0.530069,0.372843,0.186677,0.216625,0.295035]"
14,10,"[0.765586,0.818444,0.573046,0.080011,0.315252,0.534   ,0.151241]"
14,11,"[0.804087,0.111815,0.32301 ,0.68372 ,0.307465,0.589588,0.52144 ]"
14,12,"[0.892508,0.42783 ,0.502855,0.341563,0.116207,0.674704,0.301238]"
14,13,"[0.867944,0.348233,0.325955,0.305509,0.199459,0.468949,0.675097]"
14,14,"[0.492393,0.305309,0.336145,0.397977,0.308994,0.484027,1.      ]"
15,1,"[0.048538,0.680219,0.659499,0.695293,0.681058,0.381204,0.428547]"
15,2,"[0.276115,0.125585,0.697529,0.746625,0.802981,0.522214,0.458398]"
15,3,"[0.127714,0.398604,0.547986,0.602959,0.935057,0.311356,0.645541]"
15,4,"[0.098487,0.427572,0.483517,0.82694 ,0.813908,0.596787,0.405695]"
15,5,"[0.250465,0.277404,0.198256,0.620843,0.811384,0.727811,0.683666]"
15,6,"[0.169197,0.804729,0.136831,0.479245,0.847427,0.384983,0.620581]"
15,7,"[0.250714,0.862533,0.914833,0.469499,0.361682,0.187407,0.357958]"
15,8,"[0.193877,0.970893,0.413003,0.436056,0.232265,0.462028,0.650924]"
15,9,"[0.906304,0.460323,0.502919,0.685954,0.316996,0.153509,0.195414]"
15,10,"[0.896483,0.652555,0.530069,0.372843,0.186677,0.216625,0.295035]"
15,11,"[0.765586,0.818444,0.573046,0.080011,0.315252,0.534   ,0.151241]"
15,12,"[0.804087,0.111815,0.32301 ,0.68372 ,0.307465,0.589588,0.52144 ]"
15,13,"[0.892508,0.42783 ,0.502855,0.341563,0.116207,0.674704,0.301238]"
15,14,"[0.867944,0.348233,0.325955,0.305509,0.199459,0.468949,0.675097]"
15,15,"[0.492393,0.305309,0.336145,0.397977,0.308994,0.484027,1.      ]"
16,1,"[0.048538,0.680219,0.659499,0.695293,0.681058,0.381204,0.428547]"
16,2,"[0.276115,0.125585,0.697529,0.746625,0.802981,0.522214,0.458398]"
16,3,"[0.127714,0.398604,0.547986,0.602959,0.935057,0.311356,0.645541]"
16,4,"[0.098487,0.427572,0.483517,0.82694 ,0.813908,0.596787,0.405695]"
16,5,"[0.250465,0.277404,0.198256,0.620843,0.811384,0.727811,0.683666]"
16,6,"[0.169197,0.804729,0.136831,0.479245,0.847427,0.384983,0.620581]"
16,7,"[0.250714,0.862533,0.914833,0.469499,0.361682,0.187407,0.357958]"
16,8,"[0.193877,0.970893,0.413003,0.436056,0.232265,0.462028,0.650924]"
16,9,"[0.906304,0.460323,0.502919,0.685954,0.316996,0.153509,0.195414]"
16,10,"[0.915721,0.702376,0.205428,0.290502,0.317594,0.322936,0.371005]"
16,11,"[0.894952,0.648592,0.555893,0.379393,0.176264,0.208168,0.288992]"
16,12,"[0.765586,0.818444,0.573046,0.080011,0.315252,0.534   ,0.151241]"
16,13,"[0.804087,0.111815,0.32301 ,0.68372 ,0.307465,0.589588,0.52144 ]"
16,14,"[0.892508,0.42783 ,0.502855,0.341563,0.116207,0.674704,0.301238]"
16,15,"[0.867944,0.348233,0.325955,0.305509,0.199459,0.468949,0.675097]"
16,16,"[0.492393,0.305309,0.336145,0.397977,0.308994,0.484027,1.      ]"
17,1,"[0.048538,0.680219,0.659499,0.695293,0.681058,0.381204,0.428547]"
17,2,"[0.276115,0.125585,0.697529,0.746625,0.802981,0.522214,0.458398]"
17,3,"[0.127714,0.398604,0.547986,0.602959,0.935057,0.311356,0.645541]"
17,4,"[0.098487,0.427572,0.483517,0.82694 ,0.813908,0.596787,0.405695]"
17,5,"[0.250465,0.277404,0.198256,0.620843,0.811384,0.727811,0.683666]"
17,6,"[0.169197,0.804729,0.136831,0.479245,0.847427,0.384983,0.620581]"
17,7,"[0.250714,0.862533,0.914833,0.469499,0.361682,0.187407,0.357958]"
17,8,"[0.193877,0.970893,0.413003,0.436056,0.232265,0.462028,0.650924]"
17,9,"[0.906304,0.460323,0.502919,0.685954,0.316996,0.153509,0.195414]"
17,10,"[0.915721,0.702376,0.205428,0.290502,0.317594,0.322936,0.371005]"
17,11,"[0.894952,0.648592,0.555893,0.379393,0.176264,0.208168,0.288992]"
17,12,"[0.765586,0.818444,0.573046,0.080011,0.315252,0.534   ,0.151241]"
17,13,"[0.805117,0.114579,0.31293 ,0.683436,0.303078,0.59305 ,0.526642]"
17,14,"[0.770119,0.020593,0.655647,0.693108,0.452262,0.47532 ,0.349761]"
17,15,"[0.892508,0.42783 ,0.502855,0.341563,0.116207,0.674704,0.301238]"
17,16,"[0.867944,0.348233,0.325955,0.305509,0.199459,0.468949,0.675097]"
17,17,"[0.492393,0.305309,0.336145,0.397977,0.308994,0.484027,1.      ]"
18,1,"[0.048538,0.680219,0.659499,0.695293,0.681058,0.381204,0.428547]"
18,2,"[0.276115,0.125585,0.697529,0.746625,0.802981,0.522214,0.458398]"
18,3,"[0.127714,0.398604,0.547986,0.602959,0.935057,0.311356,0.645541]"
18,4,"[0.190314,0.433242,0.322241,0.61949 ,0.901841,0.896945,0.298451]"
18,5,"[0.09324 ,0.427248,0.492733,0.838795,0.808883,0.579635,0.411824]"
18,6,"[0.250465,0.277404,0.198256,0.620843,0.811384,0.727811,0.683666]"
18,7,"[0.169197,0.804729,0.136831,0.479245,0.847427,0.384983,0.620581]"
18,8,"[0.250714,0.862533,0.914833,0.469499,0.361682,0.187407,0.357958]"
18,9,"[0.193877,0.970893,0.413003,0.436056,0.232265,0.462028,0.650924]"
18,10,"[0.906304,0.460323,0.502919,0.685954,0.316996,0.153509,0.195414]"
18,11,"[0.915721,0.702376,0.205428,0.290502,0.317594,0.322936,0.371005]"
18,12,"[0.894952,0.648592,0.555893,0.379393,0.176264,0.208168,0.288992]"
18,13,"[0.765586,0.818444,0.573046,0.080011,0.315252,0.534   ,0.151241]"
18,14,"[0.805117,0.114579,0.31293 ,0.683436,0.303078,0.59305 ,0.526642]"
18,15,"[0.770119,0.020593,0.655647,0.693108,0.452262,0.47532 ,0.349761]"
18,16,"[0.892508,0.42783 ,0.502855,0.341563,0.116207,0.674704,0.301238]"
18,17,"[0.867944,0.348233,0.325955,0.305509,0.199459,0.468949,0.675097]"
18,18,"[0.492393,0.305309,0.336145,0.397977,0.308994,0.484027,1.      ]"
19,1,"[0.048538,0.680219,0.659499,0.695293,0.681058,0.381204,0.428547]"
19,2,"[0.276115,0.125585,0.697529,0.746625,0.802981,0.522214,0.458398]"
19,3,"[0.127714,0.398604,0.547986,0.602959,0.935057,0.311356,0.645541]"
19,4,"[0.190314,0.433242,0.322241,0.61949 ,0.901841,0.896945,0.298451]"
19,5,"[0.09324 ,0.427248,0.492733,0.838795,0.808883,0.579635,0.411824]"
19,6,"[0.584487,0.062242,0.19355 ,0.578225,0.651701,0.721219,0.668089]"
19,7,"[0.247141,0.279545,0.198303,0.621267,0.812973,0.727876,0.683821]"
19,8,"[0.169197,0.804729,0.136831,0.479245,0.847427,0.384983,0.620581]"
19,9,"[0.250714,0.862533,0.914833,0.469499,0.361682,0.187407,0.357958]"
19,10,"[0.193877,0.970893,0.413003,0.436056,0.232265,0.462028,0.650924]"
19,11,"[0.906304,0.460323,0.502919,0.685954,0.316996,0.153509,0.195414]"
19,12,"[0.915721,0.702376,0.205428,0.290502,0.317594,0.322936,0.371005]"
19,13,"[0.894952,0.648592,0.555893,0.379393,0.176264,0.208168,0.288992]"
19,14,"[0.765586,0.818444,0.573046,0.080011,0.315252,0.534   ,0.151241]"
19,15,"[0.805117,0.114579,0.31293 ,0.683436,0.303078,0.59305 ,0.526642]"
19,16,"[0.770119,0.020593,0.655647,0.693108,0.452262,0.47532 ,0.349761]"
19,17,"[0.892508,0.42783 ,0.502855,0.341563,0.116207,0.674704,0.301238]"
19,18,"[0.867944,0.348233,0.325955,0.305509,0.199459,0.468949,0.675097]"
19,19,"[0.492393,0.305309,0.336145,0.397977,0.308994,0.484027,1.      ]"
20,1,"[0.048538,0.680219,0.659499,0.695293,0.681058,0.381204,0.428547]"
20,2,"[0.276115,0.125585,0.697529,0.746625,0.802981,0.522214,0.458398]"
20,3,"[0.127714,0.398604,0.547986,0.602959,0.935057,0.311356,0.645541]"
20,4,"[0.190314,0.433242,0.322241,0.61949 ,0.901841,0.896945,0.298451]"
20,5,"[0.09324 ,0.427248,0.492733,0.838795,0.808883,0.579635,0.411824]"
20,6,"[0.584487,0.062242,0.19355 ,0.578225,0.651701,0.721219,0.668089]"
20,7,"[0.247141,0.279545,0.198303,0.621267,0.812973,0.727876,0.683821]"
20,8,"[0.169197,0.804729,0.136831,0.479245,0.847427,0.384983,0.620581]"
20,9,"[0.250714,0.862533,0.914833,0.469499,0.361682,0.187407,0.357958]"
20,10,"[0.193877,0.970893,0.413003,0.436056,0.232265,0.462028,0.650924]"
20,11,"[0.808265,0.586396,0.727788,0.642266,0.346266,0.088046,0.0606  ]"
20,12,"[0.94552 ,0.409894,0.412971,0.703429,0.305288,0.179694,0.24934 ]"
20,13,"[0.915721,0.702376,0.205428,0.290502,0.317594,0.322936,0.371005]"
20,14,"[0.894952,0.648592,0.555893,0.379393,0.176264,0.208168,0.288992]"
20,15,"[0.765586,0.818444,0.573046,0.080011,0.315252,0.534   ,0.151241]"
20,16,"[0.805117,0.114579,0.31293 ,0.683436,0.303078,0.59305 ,0.526642]"
20,17,"[0.770119,0.020593,0.655647,0.693108,0.452262,0.47532 ,0.349761]"
20,18,"[0.892508,0.42783 ,0.502855,0.341563,0.116207,0.674704,0.301238]"
20,19,"[0.867944,0.348233,0.325955,0.305509,0.199459,0.468949,0.675097]"
20,20,"[0.492393,0.305309,0.336145,0.397977,0.308994,0.484027,1.      ]"
21,1,"[0.048538,0.680219,0.659499,0.695293,0.681058,0.381204,0.428547]"
21,2,"[0.187541,0.171492,0.645734,0.609437,0.826134,0.652919,0.558904]"
21,3,"[0.36469 ,0.079677,0.749323,0.883813,0.779829,0.391509,0.357892]"
21,4,"[0.127714,0.398604,0.547986,0.602959,0.935057,0.311356,0.645541]"
21,5,"[0.190314,0.433242,0.322241,0.61949 ,0.901841,0.896945,0.298451]"
21,6,"[0.09324 ,0.427248,0.492733,0.838795,0.808883,0.579635,0.411824]"
21,7,"[0.584487,0.062242,0.19355 ,0.578225,0.651701,0.721219,0.668089]"
21,8,"[0.247141,0.279545,0.198303,0.621267,0.812973,0.727876,0.683821]"
21,9,"[0.169197,0.804729,0.136831,0.479245,0.847427,0.384983,0.620581]"
21,10,"[0.250714,0.862533,0.914833,0.469499,0.361682,0.187407,0.357958]"
21,11,"[0.193877,0.970893,0.413003,0.436056,0.232265,0.462028,0.650924]"
21,12,"[0.808265,0.586396,0.727788,0.642266,0.346266,0.088046,0.0606  ]"
21,13,"[0.94552 ,0.409894,0.412971,0.703429,0.305288,0.179694,0.24934 ]"
21,14,"[0.915721,0.702376,0.205428,0.290502,0.317594,0.322936,0.371005]"
21,15,"[0.894952,0.648592,0.555893,0.379393,0.176264,0.208168,0.288992]"
21,16,"[0.765586,0.818444,0.573046,0.080011,0.315252,0.534   ,0.151241]"
21,17,"[0.805117,0.114579,0.31293 ,0.683436,0.303078,0.59305 ,0.526642]"
21,18,"[0.770119,0.020593,0.655647,0.693108,0.452262,0.47532 ,0.349761]"
21,19,"[0.892508,0.42783 ,0.502855,0.341563,0.116207,0.674704,0.301238]"
21,20,"[0.867944,0.348233,0.325955,0.305509,0.199459,0.468949,0.675097]"
21,21,"[0.492393,0.305309,0.336145,0.397977,0.308994,0.484027,1.      ]"
22,1,"[0.048538,0.680219,0.659499,0.695293,0.681058,0.381204,0.428547]"
22,2,"[0.187541,0.171492,0.645734,0.609437,0.826134,0.652919,0.558904]"
22,3,"[0.36469 ,0.079677,0.749323,0.883813,0.779829,0.391509,0.357892]"
22,4,"[0.127714,0.398604,0.547986,0.602959,0.935057,0.311356,0.645541]"
22,5,"[0.190314,0.433242,0.322241,0.61949 ,0.901841,0.896945,0.298451]"
22,6,"[0.09324 ,0.427248,0.492733,0.838795,0.808883,0.579635,0.411824]"
22,7,"[0.584487,0.062242,0.19355 ,0.578225,0.651701,0.721219,0.668089]"
22,8,"[0.247141,0.279545,0.198303,0.621267,0.812973,0.727876,0.683821]"
22,9,"[0.169197,0.804729,0.136831,0.479245,0.847427,0.384983,0.620581]"
22,10,"[0.250714,0.862533,0.914833,0.469499,0.361682,0.187407,0.357958]"
22,11,"[0.193877,0.970893,0.413003,0.436056,0.232265,0.462028,0.650924]"
22,12,"[0.808265,0.586396,0.727788,0.642266,0.346266,0.088046,0.0606  ]"
22,13,"[0.94552 ,0.409894,0.412971,0.703429,0.305288,0.179694,0.24934 ]"
22,14,"[0.915721,0.702376,0.205428,0.290502,0.317594,0.322936,0.371005]"
22,15,"[0.962563,0.45985 ,0.48422 ,0.375195,0.181538,0.276231,0.411676]"
22,16,"[0.869598,0.71937 ,0.58277 ,0.380967,0.174286,0.182644,0.242986]"
22,17,"[0.765586,0.818444,0.573046,0.080011,0.315252,0.534   ,0.151241]"
22,18,"[0.805117,0.114579,0.31293 ,0.683436,0.303078,0.59305 ,0.526642]"
22,19,"[0.770119,0.020593,0.655647,0.693108,0.452262,0.47532 ,0.349761]"
22,20,"[0.892508,0.42783 ,0.502855,0.341563,0.116207,0.674704,0.301238]"
22,21,"[0.867944,0.348233,0.325955,0.305509,0.199459,0.468949,0.675097]"
22,22,"[0.492393,0.305309,0.336145,0.397977,0.308994,0.484027,1.      ]"
23,1,"[0.048538,0.680219,0.659499,0.695293,0.681058,0.381204,0.428547]"
23,2,"[0.187541,0.171492,0.645734,0.609437,0.826134,0.652919,0.558904]"
23,3,"[0.36469 ,0.079677,0.749323,0.883813,0.779829,0.391509,0.357892]"
23,4,"[0.127714,0.398604,0.547986,0.602959,0.935057,0.311356,0.645541]"
23,5,"[0.190314,0.433242,0.322241,0.61949 ,0.901841,0.896945,0.298451]"
23,6,"[0.09324 ,0.427248,0.492733,0.838795,0.808883,0.579635,0.411824]"
23,7,"[0.584487,0.062242,0.19355 ,0.578225,0.651701,0.721219,0.668089]"
23,8,"[0.247141,0.279545,0.198303,0.621267,0.812973,0.727876,0.683821]"
23,9,"[0.169197,0.804729,0.136831,0.479245,0.847427,0.384983,0.620581]"
23,10,"[0.250714,0.862533,0.914833,0.469499,0.361682,0.187407,0.357958]"
23,11,"[0.193877,0.970893,0.413003,0.436056,0.232265,0.462028,0.650924]"
23,12,"[0.808265,0.586396,0.727788,0.642266,0.346266,0.088046,0.0606  ]"
23,13,"[0.94552 ,0.409894,0.412971,0.703429,0.305288,0.179694,0.24934 ]"
23,14,"[0.915721,0.702376,0.205428,0.290502,0.317594,0.322936,0.371005]"
23,15,"[0.962563,0.45985 ,0.48422 ,0.375195,0.181538,0.276231,0.411676]"
23,16,"[0.869598,0.71937 ,0.58277 ,0.380967,0.174286,0.182644,0.242986]"
23,17,"[0.765586,0.818444,0.573046,0.080011,0.315252,0.534   ,0.151241]"
23,18,"[0.805117,0.114579,0.31293 ,0.683436,0.303078,0.59305 ,0.526642]"
23,19,"[0.770119,0.020593,0.655647,0.693108,0.452262,0.47532 ,0.349761]"
23,20,"[0.892508,0.42783 ,0.502855,0.341563,0.116207,0.674704,0.301238]"
23,21,"[0.871941,0.362514,0.337714,0.302858,0.172677,0.45828 ,0.676616]"
23,22,"[0.835968,0.233984,0.231883,0.326721,0.413714,0.5543  ,0.662943]"
23,23,"[0.492393,0.305309,0.336145,0.397977,0.308994,0.484027,1.      ]"
24,1,"[0.048538,0.680219,0.659499,0.695293,0.681058,0.381204,0.428547]"
24,2,"[0.187541,0.171492,0.645734,0.609437,0.826134,0.652919,0.558904]"
24,3,"[0.36469 ,0.079677,0.749323,0.883813,0.779829,0.391509,0.357892]"
24,4,"[0.127714,0.398604,0.547986,0.602959,0.935057,0.311356,0.645541]"
24,5,"[0.190314,0.433242,0.322241,0.61949 ,0.901841,0.896945,0.298451]"
24,6,"[0.09324 ,0.427248,0.492733,0.838795,0.808883,0.579635,0.411824]"
24,7,"[0.584487,0.062242,0.19355 ,0.578225,0.651701,0.721219,0.668089]"
24,8,"[0.250146,0.274435,0.193764,0.626451,0.822689,0.72522 ,0.679313]"
24,9,"[0.183047,0.38857 ,0.29513 ,0.510669,0.605687,0.784552,0.779993]"
24,10,"[0.169197,0.804729,0.136831,0.479245,0.847427,0.384983,0.620581]"
24,11,"[0.250714,0.862533,0.914833,0.469499,0.361682,0.187407,0.357958]"
24,12,"[0.193877,0.970893,0.413003,0.436056,0.232265,0.462028,0.650924]"
24,13,"[0.808265,0.586396,0.727788,0.642266,0.346266,0.088046,0.0606  ]"
24,14,"[0.94552 ,0.409894,0.412971,0.703429,0.305288,0.179694,0.24934 ]"
24,15,"[0.915721,0.702376,0.205428,0.290502,0.317594,0.322936,0.371005]"
24,16,"[0.962563,0.45985 ,0.48422 ,0.375195,0.181538,0.276231,0.411676]"
24,17,"[0.869598,0.71937 ,0.58277 ,0.380967,0.174286,0.182644,0.242986]"
24,18,"[0.765586,0.818444,0.573046,0.080011,0.315252,0.534   ,0.151241]"
24,19,"[0.805117,0.114579,0.31293 ,0.683436,0.303078,0.59305 ,0.526642]"
24,20,"[0.770119,0.020593,0.655647,0.693108,0.452262,0.47532 ,0.349761]"
24,21,"[0.892508,0.42783 ,0.502855,0.341563,0.116207,0.674704,0.301238]"
24,22,"[0.871941,0.362514,0.337714,0.302858,0.172677,0.45828 ,0.676616]"
24,23,"[0.835968,0.233984,0.231883,0.326721,0.413714,0.5543  ,0.662943]"
24,24,"[0.492393,0.305309,0.336145,0.397977,0.308994,0.484027,1.      ]"
25,1,"[0.019574,0.624925,0.639508,0.659777,0.699532,0.484855,0.476588]"
25,2,"[0.089914,0.75921 ,0.688058,0.74603 ,0.654668,0.233132,0.359916]"
25,3,"[0.187541,0.171492,0.645734,0.609437,0.826134,0.652919,0.558904]"
25,4,"[0.36469 ,0.079677,0.749323,0.883813,0.779829,0.391509,0.357892]"
25,5,"[0.127714,0.398604,0.547986,0.602959,0.935057,0.311356,0.645541]"
25,6,"[0.190314,0.433242,0.322241,0.61949 ,0.901841,0.896945,0.298451]"
25,7,"[0.09324 ,0.427248,0.492733,0.838795,0.808883,0.579635,0.411824]"
25,8,"[0.584487,0.062242,0.19355 ,0.578225,0.651701,0.721219,0.668089]"
25,9,"[0.250146,0.274435,0.193764,0.626451,0.822689,0.72522 ,0.679313]"
25,10,"[0.183047,0.38857 ,0.29513 ,0.510669,0.605687,0.784552,0.779993]"
25,11,"[0.169197,0.804729,0.136831,0.479245,0.847427,0.384983,0.620581]"
25,12,"[0.250714,0.862533,0.914833,0.469499,0.361682,0.187407,0.357958]"
25,13,"[0.193877,0.970893,0.413003,0.436056,0.232265,0.462028,0.650924]"
25,14,"[0.808265,0.586396,0.727788,0.642266,0.346266,0.088046,0.0606  ]"
25,15,"[0.94552 ,0.409894,0.412971,0.703429,0.305288,0.179694,0.24934 ]"
25,16,"[0.915721,0.702376,0.205428,0.290502,0.317594,0.322936,0.371005]"
25,17,"[0.962563,0.45985 ,0.48422 ,0.375195,0.181538,0.276231,0.411676]"
25,18,"[0.869598,0.71937 ,0.58277 ,0.380967,0.174286,0.182644,0.242986]"
25,19,"[0.765586,0.818444,0.573046,0.080011,0.315252,0.534   ,0.151241]"
25,20,"[0.805117,0.114579,0.31293 ,0.683436,0.303078,0.59305 ,0.526642]"
25,21,"[0.770119,0.020593,0.655647,0.693108,0.452262,0.47532 ,0.349761]"
25,22,"[0.892508,0.42783 ,0.502855,0.341563,0.116207,0.674704,0.301238]"
25,23,"[0.871941,0.362514,0.337714,0.302858,0.172677,0.45828 ,0.676616]"
25,24,"[0.835968,0.233984,0.231883,0.326721,0.413714,0.5543  ,0.662943]"
25,25,"[0.492393,0.305309,0.336145,0.397977,0.308994,0.484027,1.      ]"
26,1,"[0.019574,0.624925,0.639508,0.659777,0.699532,0.484855,0.476588]"
26,2,"[0.089914,0.75921 ,0.688058,0.74603 ,0.654668,0.233132,0.359916]"
26,3,"[0.187541,0.171492,0.645734,0.609437,0.826134,0.652919,0.558904]"
26,4,"[0.36469 ,0.079677,0.749323,0.883813,0.779829,0.391509,0.357892]"
26,5,"[0.127714,0.398604,0.547986,0.602959,0.935057,0.311356,0.645541]"
26,6,"[0.190314,0.433242,0.322241,0.61949 ,0.901841,0.896945,0.298451]"
26,7,"[0.09324 ,0.427248,0.492733,0.838795,0.808883,0.579635,0.411824]"
26,8,"[0.584487,0.062242,0.19355 ,0.578225,0.651701,0.721219,0.668089]"
26,9,"[0.250146,0.274435,0.193764,0.626451,0.822689,0.72522 ,0.679313]"
26,10,"[0.183047,0.38857 ,0.29513 ,0.510669,0.605687,0.784552,0.779993]"
26,11,"[0.169197,0.804729,0.136831,0.479245,0.847427,0.384983,0.620581]"
26,12,"[0.250714,0.862533,0.914833,0.469499,0.361682,0.187407,0.357958]"
26,13,"[0.193877,0.970893,0.413003,0.436056,0.232265,0.462028,0.650924]"
26,14,"[0.808265,0.586396,0.727788,0.642266,0.346266,0.088046,0.0606  ]"
26,15,"[0.94552 ,0.409894,0.412971,0.703429,0.305288,0.179694,0.24934 ]"
26,16,"[0.915721,0.702376,0.205428,0.290502,0.317594,0.322936,0.371005]"
26,17,"[0.962563,0.45985 ,0.48422 ,0.375195,0.181538,0.276231,0.411676]"
26,18,"[0.869598,0.71937 ,0.58277 ,0.380967,0.174286,0.182644,0.242986]"
26,19,"[0.765586,0.818444,0.573046,0.080011,0.315252,0.534   ,0.151241]"
26,20,"[0.893477,0.169702,0.268014,0.601415,0.465985,0.586252,0.341513]"
26,21,"[0.799416,0.111023,0.315828,0.688727,0.292567,0.593489,0.538586]"
26,22,"[0.770119,0.020593,0.655647,0.693108,0.452262,0.47532 ,0.349761]"
26,23,"[0.892508,0.42783 ,0.502855,0.341563,0.116207,0.674704,0.301238]"
26,24,"[0.871941,0.362514,0.337714,0.302858,0.172677,0.45828 ,0.676616]"
26,25,"[0.835968,0.233984,0.231883,0.326721,0.413714,0.5543  ,0.662943]"
26,26,"[0.492393,0.305309,0.336145,0.397977,0.308994,0.484027,1.      ]"
27,1,"[0.019574,0.624925,0.639508,0.659777,0.699532,0.484855,0.476588]"
27,2,"[0.089914,0.75921 ,0.688058,0.74603 ,0.654668,0.233132,0.359916]"
27,3,"[0.187541,0.171492,0.645734,0.609437,0.826134,0.652919,0.558904]"
27,4,"[0.36469 ,0.079677,0.749323,0.883813,0.779829,0.391509,0.357892]"
27,5,"[0.127714,0.398604,0.547986,0.602959,0.935057,0.311356,0.645541]"
27,6,"[0.190314,0.433242,0.322241,0.61949 ,0.901841,0.896945,0.298451]"
27,7,"[0.09324 ,0.427248,0.492733,0.838795,0.808883,0.579635,0.411824]"
27,8,"[0.584487,0.062242,0.19355 ,0.578225,0.651701,0.721219,0.668089]"
27,9,"[0.250146,0.274435,0.193764,0.626451,0.822689,0.72522 ,0.679313]"
27,10,"[0.183047,0.38857 ,0.29513 ,0.510669,0.605687,0.784552,0.779993]"
27,11,"[0.169197,0.804729,0.136831,0.479245,0.847427,0.384983,0.620581]"
27,12,"[0.250714,0.862533,0.914833,0.469499,0.361682,0.187407,0.357958]"
27,13,"[0.193877,0.970893,0.413003,0.436056,0.232265,0.462028,0.650924]"
27,14,"[0.808265,0.586396,0.727788,0.642266,0.346266,0.088046,0.0606  ]"
27,15,"[0.94552 ,0.409894,0.412971,0.703429,0.305288,0.179694,0.24934 ]"
27,16,"[0.915721,0.702376,0.205428,0.290502,0.317594,0.322936,0.371005]"
27,17,"[0.962563,0.45985 ,0.48422 ,0.375195,0.181538,0.276231,0.411676]"
27,18,"[0.874147,0.721016,0.584588,0.416037,0.177716,0.177699,0.206517]"
27,19,"[0.845034,0.71048 ,0.572956,0.191586,0.155761,0.20935 ,0.439914]"
27,20,"[0.765586,0.818444,0.573046,0.080011,0.315252,0.534   ,0.151241]"
27,21,"[0.893477,0.169702,0.268014,0.601415,0.465985,0.586252,0.341513]"
27,22,"[0.799416,0.111023,0.315828,0.688727,0.292567,0.593489,0.538586]"
27,23,"[0.770119,0.020593,0.655647,0.693108,0.452262,0.47532 ,0.349761]"
27,24,"[0.892508,0.42783 ,0.502855,0.341563,0.116207,0.674704,0.301238]"
27,25,"[0.871941,0.362514,0.337714,0.302858,0.172677,0.45828 ,0.676616]"
27,26,"[0.835968,0.233984,0.231883,0.326721,0.413714,0.5543  ,0.662943]"
27,27,"[0.492393,0.305309,0.336145,0.397977,0.308994,0.484027,1.      ]"
28,1,"[0.019574,0.624925,0.639508,0.659777,0.699532,0.484855,0.476588]"
28,2,"[0.089914,0.75921 ,0.688058,0.74603 ,0.654668,0.233132,0.359916]"
28,3,"[0.187541,0.171492,0.645734,0.609437,0.826134,0.652919,0.558904]"
28,4,"[0.36469 ,0.079677,0.749323,0.883813,0.779829,0.391509,0.357892]"
28,5,"[0.127714,0.398604,0.547986,0.602959,0.935057,0.311356,0.645541]"
28,6,"[0.190314,0.433242,0.322241,0.61949 ,0.901841,0.896945,0.298451]"
28,7,"[0.09324 ,0.427248,0.492733,0.838795,0.808883,0.579635,0.411824]"
28,8,"[0.584487,0.062242,0.19355 ,0.578225,0.651701,0.721219,0.668089]"
28,9,"[0.250146,0.274435,0.193764,0.626451,0.822689,0.72522 ,0.679313]"
28,10,"[0.183047,0.38857 ,0.29513 ,0.510669,0.605687,0.784552,0.779993]"
28,11,"[0.169197,0.804729,0.136831,0.479245,0.847427,0.384983,0.620581]"
28,12,"[0.250714,0.862533,0.914833,0.469499,0.361682,0.187407,0.357958]"
28,13,"[0.193877,0.970893,0.413003,0.436056,0.232265,0.462028,0.650924]"
28,14,"[0.808265,0.586396,0.727788,0.642266,0.346266,0.088046,0.0606  ]"
28,15,"[0.94552 ,0.409894,0.412971,0.703429,0.305288,0.179694,0.24934 ]"
28,16,"[0.915721,0.702376,0.205428,0.290502,0.317594,0.322936,0.371005]"
28,17,"[0.962563,0.45985 ,0.48422 ,0.375195,0.181538,0.276231,0.411676]"
28,18,"[0.874147,0.721016,0.584588,0.416037,0.177716,0.177699,0.206517]"
28,19,"[0.845034,0.71048 ,0.572956,0.191586,0.155761,0.20935 ,0.439914]"
28,20,"[0.765586,0.818444,0.573046,0.080011,0.315252,0.534   ,0.151241]"
28,21,"[0.893477,0.169702,0.268014,0.601415,0.465985,0.586252,0.341513]"
28,22,"[0.799416,0.111023,0.315828,0.688727,0.292567,0.593489,0.538586]"
28,23,"[0.770119,0.020593,0.655647,0.693108,0.452262,0.47532 ,0.349761]"
28,24,"[0.875342,0.403667,0.410519,0.353908,0.156548,0.811424,0.280774]"
28,25,"[0.909675,0.451993,0.595191,0.329218,0.075865,0.537985,0.321702]"
28,26,"[0.871941,0.362514,0.337714,0.302858,0.172677,0.45828 ,0.676616]"
28,27,"[0.835968,0.233984,0.231883,0.326721,0.413714,0.5543  ,0.662943]"
28,28,"[0.492393,0.305309,0.336145,0.397977,0.308994,0.484027,1.      ]"
29,1,"[0.019574,0.624925,0.639508,0.659777,0.699532,0.484855,0.476588]"
29,2,"[0.089914,0.75921 ,0.688058,0.74603 ,0.654668,0.233132,0.359916]"
29,3,"[0.187541,0.171492,0.645734,0.609437,0.826134,0.652919,0.558904]"
29,4,"[0.36469 ,0.079677,0.749323,0.883813,0.779829,0.391509,0.357892]"
29,5,"[0.127714,0.398604,0.547986,0.602959,0.935057,0.311356,0.645541]"
29,6,"[0.190314,0.433242,0.322241,0.61949 ,0.901841,0.896945,0.298451]"
29,7,"[0.09324 ,0.427248,0.492733,0.838795,0.808883,0.579635,0.411824]"
29,8,"[0.584487,0.062242,0.19355 ,0.578225,0.651701,0.721219,0.668089]"
29,9,"[0.250146,0.274435,0.193764,0.626451,0.822689,0.72522 ,0.679313]"
29,10,"[0.183047,0.38857 ,0.29513 ,0.510669,0.605687,0.784552,0.779993]"
29,11,"[0.169197,0.804729,0.136831,0.479245,0.847427,0.384983,0.620581]"
29,12,"[0.250714,0.862533,0.914833,0.469499,0.361682,0.187407,0.357958]"
29,13,"[0.193877,0.970893,0.413003,0.436056,0.232265,0.462028,0.650924]"
29,14,"[0.808265,0.586396,0.727788,0.642266,0.346266,0.088046,0.0606  ]"
29,15,"[0.94552 ,0.409894,0.412971,0.703429,0.305288,0.179694,0.24934 ]"
29,16,"[0.92991 ,0.719014,0.24713 ,0.297511,0.34218 ,0.297991,0.295443]"
29,17,"[0.880249,0.66078 ,0.101176,0.272979,0.256126,0.385298,0.559911]"
29,18,"[0.962563,0.45985 ,0.48422 ,0.375195,0.181538,0.276231,0.411676]"
29,19,"[0.874147,0.721016,0.584588,0.416037,0.177716,0.177699,0.206517]"
29,20,"[0.845034,0.71048 ,0.572956,0.191586,0.155761,0.20935 ,0.439914]"
29,21,"[0.765586,0.818444,0.573046,0.080011,0.315252,0.534   ,0.151241]"
29,22,"[0.893477,0.169702,0.268014,0.601415,0.465985,0.586252,0.341513]"
29,23,"[0.799416,0.111023,0.315828,0.688727,0.292567,0.593489,0.538586]"
29,24,"[0.770119,0.020593,0.655647,0.693108,0.452262,0.47532 ,0.349761]"
29,25,"[0.875342,0.403667,0.410519,0.353908,0.156548,0.811424,0.280774]"
29,26,"[0.909675,0.451993,0.595191,0.329218,0.075865,0.537985,0.321702]"
29,27,"[0.871941,0.362514,0.337714,0.302858,0.172677,0.45828 ,0.676616]"
29,28,"[0.835968,0.233984,0.231883,0.326721,0.413714,0.5543  ,0.662943]"
29,29,"[0.492393,0.305309,0.336145,0.397977,0.308994,0.484027,1.      ]"
30,1,"[0.019574,0.624925,0.639508,0.659777,0.699532,0.484855,0.476588]"
30,2,"[0.089914,0.75921 ,0.688058,0.74603 ,0.654668,0.233132,0.359916]"
30,3,"[0.187541,0.171492,0.645734,0.609437,0.826134,0.652919,0.558904]"
30,4,"[0.36469 ,0.079677,0.749323,0.883813,0.779829,0.391509,0.357892]"
30,5,"[0.127714,0.398604,0.547986,0.602959,0.935057,0.311356,0.645541]"
30,6,"[0.190314,0.433242,0.322241,0.61949 ,0.901841,0.896945,0.298451]"
30,7,"[0.09324 ,0.427248,0.492733,0.838795,0.808883,0.579635,0.411824]"
30,8,"[0.584487,0.062242,0.19355 ,0.578225,0.651701,0.721219,0.668089]"
30,9,"[0.250146,0.274435,0.193764,0.626451,0.822689,0.72522 ,0.679313]"
30,10,"[0.12369 ,0.48893 ,0.321979,0.443705,0.712936,0.698319,0.759767]"
30,11,"[0.212725,0.33839 ,0.281706,0.544151,0.552063,0.827669,0.790106]"
30,12,"[0.169197,0.804729,0.136831,0.479245,0.847427,0.384983,0.620581]"
30,13,"[0.250714,0.862533,0.914833,0.469499,0.361682,0.187407,0.357958]"
30,14,"[0.193877,0.970893,0.413003,0.436056,0.232265,0.462028,0.650924]"
30,15,"[0.808265,0.586396,0.727788,0.642266,0.346266,0.088046,0.0606  ]"
30,16,"[0.94552 ,0.409894,0.412971,0.703429,0.305288,0.179694,0.24934 ]"
30,17,"[0.92991 ,0.719014,0.24713 ,0.297511,0.34218 ,0.297991,0.295443]"
30,18,"[0.880249,0.66078 ,0.101176,0.272979,0.256126,0.385298,0.559911]"
30,19,"[0.962563,0.45985 ,0.48422 ,0.375195,0.181538,0.276231,0.411676]"
30,20,"[0.874147,0.721016,0.584588,0.416037,0.177716,0.177699,0.206517]"
30,21,"[0.845034,0.71048 ,0.572956,0.191586,0.155761,0.20935 ,0.439914]"
30,22,"[0.765586,0.818444,0.573046,0.080011,0.315252,0.534   ,0.151241]"
30,23,"[0.893477,0.169702,0.268014,0.601415,0.465985,0.586252,0.341513]"
30,24,"[0.799416,0.111023,0.315828,0.688727,0.292567,0.593489,0.538586]"
30,25,"[0.770119,0.020593,0.655647,0.693108,0.452262,0.47532 ,0.349761]"
30,26,"[0.875342,0.403667,0.410519,0.353908,0.156548,0.811424,0.280774]"
30,27,"[0.909675,0.451993,0.595191,0.329218,0.075865,0.537985,0.321702]"
30,28,"[0.871941,0.362514,0.337714,0.302858,0.172677,0.45828 ,0.676616]"
30,29,"[0.835968,0.233984,0.231883,0.326721,0.413714,0.5543  ,0.662943]"
30,30,"[0.492393,0.305309,0.336145,0.397977,0.308994,0.484027,1.      ]"
31,1,"[0.019574,0.624925,0.639508,0.659777,0.699532,0.484855,0.476588]"
31,2,"[0.089914,0.75921 ,0.688058,0.74603 ,0.654668,0.233132,0.359916]"
31,3,"[0.187541,0.171492,0.645734,0.609437,0.826134,0.652919,0.558904]"
31,4,"[0.36469 ,0.079677,0.749323,0.883813,0.779829,0.391509,0.357892]"
31,5,"[0.127714,0.398604,0.547986,0.602959,0.935057,0.311356,0.645541]"
31,6,"[0.190314,0.433242,0.322241,0.61949 ,0.901841,0.896945,0.298451]"
31,7,"[0.09324 ,0.427248,0.492733,0.838795,0.808883,0.579635,0.411824]"
31,8,"[0.584487,0.062242,0.19355 ,0.578225,0.651701,0.721219,0.668089]"
31,9,"[0.33345 ,0.294968,0.201128,0.352406,0.756729,0.80657 ,0.765103]"
31,10,"[0.246524,0.273542,0.193444,0.638366,0.825557,0.721683,0.675583]"
31,11,"[0.12369 ,0.48893 ,0.321979,0.443705,0.712936,0.698319,0.759767]"
31,12,"[0.212725,0.33839 ,0.281706,0.544151,0.552063,0.827669,0.790106]"
31,13,"[0.169197,0.804729,0.136831,0.479245,0.847427,0.384983,0.620581]"
31,14,"[0.250714,0.862533,0.914833,0.469499,0.361682,0.187407,0.357958]"
31,15,"[0.193877,0.970893,0.413003,0.436056,0.232265,0.462028,0.650924]"
31,16,"[0.808265,0.586396,0.727788,0.642266,0.346266,0.088046,0.0606  ]"
31,17,"[0.94552 ,0.409894,0.412971,0.703429,0.305288,0.179694,0.24934 ]"
31,18,"[0.92991 ,0.719014,0.24713 ,0.297511,0.34218 ,0.297991,0.295443]"
31,19,"[0.880249,0.66078 ,0.101176,0.272979,0.256126,0.385298,0.559911]"
31,20,"[0.962563,0.45985 ,0.48422 ,0.375195,0.181538,0.276231,0.411676]"
31,21,"[0.874147,0.721016,0.584588,0.416037,0.177716,0.177699,0.206517]"
31,22,"[0.845034,0.71048 ,0.572956,0.191586,0.155761,0.20935 ,0.439914]"
31,23,"[0.765586,0.818444,0.573046,0.080011,0.315252,0.534   ,0.151241]"
31,24,"[0.893477,0.169702,0.268014,0.601415,0.465985,0.586252,0.341513]"
31,25,"[0.799416,0.111023,0.315828,0.688727,0.292567,0.593489,0.538586]"
31,26,"[0.770119,0.020593,0.655647,0.693108,0.452262,0.47532 ,0.349761]"
31,27,"[0.875342,0.403667,0.410519,0.353908,0.156548,0.811424,0.280774]"
31,28,"[0.909675,0.451993,0.595191,0.329218,0.075865,0.537985,0.321702]"
31,29,"[0.871941,0.362514,0.337714,0.302858,0.172677,0.45828 ,0.676616]"
31,30,"[0.835968,0.233984,0.231883,0.326721,0.413714,0.5543  ,0.662943]"
31,31,"[0.492393,0.305309,0.336145,0.397977,0.308994,0.484027,1.      ]"
32,1,"[0.019574,0.624925,0.639508,0.659777,0.699532,0.484855,0.476588]"
32,2,"[0.089914,0.75921 ,0.688058,0.74603 ,0.654668,0.233132,0.359916]"
32,3,"[0.187541,0.171492,0.645734,0.609437,0.826134,0.652919,0.558904]"
32,4,"[0.36469 ,0.079677,0.749323,0.883813,0.779829,0.391509,0.357892]"
32,5,"[0.127714,0.398604,0.547986,0.602959,0.935057,0.311356,0.645541]"
32,6,"[0.190314,0.433242,0.322241,0.61949 ,0.901841,0.896945,0.298451]"
32,7,"[0.09324 ,0.427248,0.492733,0.838795,0.808883,0.579635,0.411824]"
32,8,"[0.584487,0.062242,0.19355 ,0.578225,0.651701,0.721219,0.668089]"
32,9,"[0.33345 ,0.294968,0.201128,0.352406,0.756729,0.80657 ,0.765103]"
32,10,"[0.246524,0.273542,0.193444,0.638366,0.825557,0.721683,0.675583]"
32,11,"[0.12369 ,0.48893 ,0.321979,0.443705,0.712936,0.698319,0.759767]"
32,12,"[0.212725,0.33839 ,0.281706,0.544151,0.552063,0.827669,0.790106]"
32,13,"[0.169197,0.804729,0.136831,0.479245,0.847427,0.384983,0.620581]"
32,14,"[0.250714,0.862533,0.914833,0.469499,0.361682,0.187407,0.357958]"
32,15,"[0.193877,0.970893,0.413003,0.436056,0.232265,0.462028,0.650924]"
32,16,"[0.808265,0.586396,0.727788,0.642266,0.346266,0.088046,0.0606  ]"
32,17,"[0.94552 ,0.409894,0.412971,0.703429,0.305288,0.179694,0.24934 ]"
32,18,"[0.92991 ,0.719014,0.24713 ,0.297511,0.34218 ,0.297991,0.295443]"
32,19,"[0.880249,0.66078 ,0.101176,0.272979,0.256126,0.385298,0.559911]"
32,20,"[0.962563,0.45985 ,0.48422 ,0.375195,0.181538,0.276231,0.411676]"
32,21,"[0.874147,0.721016,0.584588,0.416037,0.177716,0.177699,0.206517]"
32,22,"[0.845034,0.71048 ,0.572956,0.191586,0.155761,0.20935 ,0.439914]"
32,23,"[0.765586,0.818444,0.573046,0.080011,0.315252,0.534   ,0.151241]"
32,24,"[0.893477,0.169702,0.268014,0.601415,0.465985,0.586252,0.341513]"
32,25,"[0.776692,0.133286,0.275267,0.619356,0.276617,0.82138 ,0.477649]"
32,26,"[0.80487 ,0.10568 ,0.325563,0.705376,0.296396,0.538795,0.553211]"
32,27,"[0.770119,0.020593,0.655647,0.693108,0.452262,0.47532 ,0.349761]"
32,28,"[0.875342,0.403667,0.410519,0.353908,0.156548,0.811424,0.280774]"
32,29,"[0.909675,0.451993,0.595191,0.329218,0.075865,0.537985,0.321702]"
32,30,"[0.871941,0.362514,0.337714,0.302858,0.172677,0.45828 ,0.676616]"
32,31,"[0.835968,0.233984,0.231883,0.326721,0.413714,0.5543  ,0.662943]"
32,32,"[0.492393,0.305309,0.336145,0.397977,0.308994,0.484027,1.      ]"
33,1,"[0.019574,0.624925,0.639508,0.659777,0.699532,0.484855,0.476588]"
33,2,"[0.089914,0.75921 ,0.688058,0.74603 ,0.654668,0.233132,0.359916]"
33,3,"[0.187541,0.171492,0.645734,0.609437,0.826134,0.652919,0.558904]"
33,4,"[0.36469 ,0.079677,0.749323,0.883813,0.779829,0.391509,0.357892]"
33,5,"[0.127714,0.398604,0.547986,0.602959,0.935057,0.311356,0.645541]"
33,6,"[0.190314,0.433242,0.322241,0.61949 ,0.901841,0.896945,0.298451]"
33,7,"[0.09324 ,0.427248,0.492733,0.838795,0.808883,0.579635,0.411824]"
33,8,"[0.584487,0.062242,0.19355 ,0.578225,0.651701,0.721219,0.668089]"
33,9,"[0.33345 ,0.294968,0.201128,0.352406,0.756729,0.80657 ,0.765103]"
33,10,"[0.246524,0.273542,0.193444,0.638366,0.825557,0.721683,0.675583]"
33,11,"[0.12369 ,0.48893 ,0.321979,0.443705,0.712936,0.698319,0.759767]"
33,12,"[0.212725,0.33839 ,0.281706,0.544151,0.552063,0.827669,0.790106]"
33,13,"[0.169197,0.804729,0.136831,0.479245,0.847427,0.384983,0.620581]"
33,14,"[0.184931,0.883967,0.854749,0.351682,0.468801,0.257   ,0.426317]"
33,15,"[0.316496,0.8411  ,0.974917,0.587317,0.254563,0.117815,0.2896  ]"
33,16,"[0.193877,0.970893,0.413003,0.436056,0.232265,0.462028,0.650924]"
33,17,"[0.808265,0.586396,0.727788,0.642266,0.346266,0.088046,0.0606  ]"
33,18,"[0.94552 ,0.409894,0.412971,0.703429,0.305288,0.179694,0.24934 ]"
33,19,"[0.92991 ,0.719014,0.24713 ,0.297511,0.34218 ,0.297991,0.295443]"
33,20,"[0.880249,0.66078 ,0.101176,0.272979,0.256126,0.385298,0.559911]"
33,21,"[0.962563,0.45985 ,0.48422 ,0.375195,0.181538,0.276231,0.411676]"
33,22,"[0.874147,0.721016,0.584588,0.416037,0.177716,0.177699,0.206517]"
33,23,"[0.845034,0.71048 ,0.572956,0.191586,0.155761,0.20935 ,0.439914]"
33,24,"[0.765586,0.818444,0.573046,0.080011,0.315252,0.534   ,0.151241]"
33,25,"[0.893477,0.169702,0.268014,0.601415,0.465985,0.586252,0.341513]"
33,26,"[0.776692,0.133286,0.275267,0.619356,0.276617,0.82138 ,0.477649]"
33,27,"[0.80487 ,0.10568 ,0.325563,0.705376,0.296396,0.538795,0.553211]"
33,28,"[0.770119,0.020593,0.655647,0.693108,0.452262,0.47532 ,0.349761]"
33,29,"[0.875342,0.403667,0.410519,0.353908,0.156548,0.811424,0.280774]"
33,30,"[0.909675,0.451993,0.595191,0.329218,0.075865,0.537985,0.321702]"
33,31,"[0.871941,0.362514,0.337714,0.302858,0.172677,0.45828 ,0.676616]"
33,32,"[0.835968,0.233984,0.231883,0.326721,0.413714,0.5543  ,0.662943]"
33,33,"[0.492393,0.305309,0.336145,0.397977,0.308994,0.484027,1.      ]"
34,1,"[0.019574,0.624925,0.639508,0.659777,0.699532,0.484855,0.476588]"
34,2,"[0.089914,0.75921 ,0.688058,0.74603 ,0.654668,0.233132,0.359916]"
34,3,"[0.187541,0.171492,0.645734,0.609437,0.826134,0.652919,0.558904]"
34,4,"[0.36469 ,0.079677,0.749323,0.883813,0.779829,0.391509,0.357892]"
34,5,"[0.127714,0.398604,0.547986,0.602959,0.935057,0.311356,0.645541]"
34,6,"[0.190314,0.433242,0.322241,0.61949 ,0.901841,0.896945,0.298451]"
34,7,"[0.09324 ,0.427248,0.492733,0.838795,0.808883,0.579635,0.411824]"
34,8,"[0.584487,0.062242,0.19355 ,0.578225,0.651701,0.721219,0.668089]"
34,9,"[0.33345 ,0.294968,0.201128,0.352406,0.756729,0.80657 ,0.765103]"
34,10,"[0.246524,0.273542,0.193444,0.638366,0.825557,0.721683,0.675583]"
34,11,"[0.12369 ,0.48893 ,0.321979,0.443705,0.712936,0.698319,0.759767]"
34,12,"[0.212725,0.33839 ,0.281706,0.544151,0.552063,0.827669,0.790106]"
34,13,"[0.169197,0.804729,0.136831,0.479245,0.847427,0.384983,0.620581]"
34,14,"[0.184931,0.883967,0.854749,0.351682,0.468801,0.257   ,0.426317]"
34,15,"[0.316496,0.8411  ,0.974917,0.587317,0.254563,0.117815,0.2896  ]"
34,16,"[0.193877,0.970893,0.413003,0.436056,0.232265,0.462028,0.650924]"
34,17,"[0.808265,0.586396,0.727788,0.642266,0.346266,0.088046,0.0606  ]"
34,18,"[0.94552 ,0.409894,0.412971,0.703429,0.305288,0.179694,0.24934 ]"
34,19,"[0.92991 ,0.719014,0.24713 ,0.297511,0.34218 ,0.297991,0.295443]"
34,20,"[0.880249,0.66078 ,0.101176,0.272979,0.256126,0.385298,0.559911]"
34,21,"[0.962563,0.45985 ,0.48422 ,0.375195,0.181538,0.276231,0.411676]"
34,22,"[0.874147,0.721016,0.584588,0.416037,0.177716,0.177699,0.206517]"
34,23,"[0.863889,0.620127,0.503638,0.275604,0.173212,0.04343 ,0.608048]"
34,24,"[0.84032 ,0.733069,0.590286,0.170582,0.151399,0.25083 ,0.397881]"
34,25,"[0.765586,0.818444,0.573046,0.080011,0.315252,0.534   ,0.151241]"
34,26,"[0.893477,0.169702,0.268014,0.601415,0.465985,0.586252,0.341513]"
34,27,"[0.776692,0.133286,0.275267,0.619356,0.276617,0.82138 ,0.477649]"
34,28,"[0.80487 ,0.10568 ,0.325563,0.705376,0.296396,0.538795,0.553211]"
34,29,"[0.770119,0.020593,0.655647,0.693108,0.452262,0.47532 ,0.349761]"
34,30,"[0.875342,0.403667,0.410519,0.353908,0.156548,0.811424,0.280774]"
34,31,"[0.909675,0.451993,0.595191,0.329218,0.075865,0.537985,0.321702]"
34,32,"[0.871941,0.362514,0.337714,0.302858,0.172677,0.45828 ,0.676616]"
34,33,"[0.835968,0.233984,0.231883,0.326721,0.413714,0.5543  ,0.662943]"
34,34,"[0.492393,0.305309,0.336145,0.397977,0.308994,0.484027,1.      ]"
35,1,"[0.019574,0.624925,0.639508,0.659777,0.699532,0.484855,0.476588]"
35,2,"[0.089914,0.75921 ,0.688058,0.74603 ,0.654668,0.233132,0.359916]"
35,3,"[0.187541,0.171492,0.645734,0.609437,0.826134,0.652919,0.558904]"
35,4,"[0.36469 ,0.079677,0.749323,0.883813,0.779829,0.391509,0.357892]"
35,5,"[0.127714,0.398604,0.547986,0.602959,0.935057,0.311356,0.645541]"
35,6,"[0.190314,0.433242,0.322241,0.61949 ,0.901841,0.896945,0.298451]"
35,7,"[0.09324 ,0.427248,0.492733,0.838795,0.808883,0.579635,0.411824]"
35,8,"[0.584487,0.062242,0.19355 ,0.578225,0.651701,0.721219,0.668089]"
35,9,"[0.33345 ,0.294968,0.201128,0.352406,0.756729,0.80657 ,0.765103]"
35,10,"[0.246524,0.273542,0.193444,0.638366,0.825557,0.721683,0.675583]"
35,11,"[0.12369 ,0.48893 ,0.321979,0.443705,0.712936,0.698319,0.759767]"
35,12,"[0.212725,0.33839 ,0.281706,0.544151,0.552063,0.827669,0.790106]"
35,13,"[0.169197,0.804729,0.136831,0.479245,0.847427,0.384983,0.620581]"
35,14,"[0.184931,0.883967,0.854749,0.351682,0.468801,0.257   ,0.426317]"
35,15,"[0.316496,0.8411  ,0.974917,0.587317,0.254563,0.117815,0.2896  ]"
35,16,"[0.193877,0.970893,0.413003,0.436056,0.232265,0.462028,0.650924]"
35,17,"[0.808265,0.586396,0.727788,0.642266,0.346266,0.088046,0.0606  ]"
35,18,"[0.94552 ,0.409894,0.412971,0.703429,0.305288,0.179694,0.24934 ]"
35,19,"[0.92991 ,0.719014,0.24713 ,0.297511,0.34218 ,0.297991,0.295443]"
35,20,"[0.880249,0.66078 ,0.101176,0.272979,0.256126,0.385298,0.559911]"
35,21,"[0.962563,0.45985 ,0.48422 ,0.375195,0.181538,0.276231,0.411676]"
35,22,"[0.874147,0.721016,0.584588,0.416037,0.177716,0.177699,0.206517]"
35,23,"[0.863889,0.620127,0.503638,0.275604,0.173212,0.04343 ,0.608048]"
35,24,"[0.84032 ,0.733069,0.590286,0.170582,0.151399,0.25083 ,0.397881]"
35,25,"[0.765586,0.818444,0.573046,0.080011,0.315252,0.534   ,0.151241]"
35,26,"[0.893477,0.169702,0.268014,0.601415,0.465985,0.586252,0.341513]"
35,27,"[0.776692,0.133286,0.275267,0.619356,0.276617,0.82138 ,0.477649]"
35,28,"[0.80487 ,0.10568 ,0.325563,0.705376,0.296396,0.538795,0.553211]"
35,29,"[0.770119,0.020593,0.655647,0.693108,0.452262,0.47532 ,0.349761]"
35,30,"[0.875342,0.403667,0.410519,0.353908,0.156548,0.811424,0.280774]"
35,31,"[0.909675,0.451993,0.595191,0.329218,0.075865,0.537985,0.321702]"
35,32,"[0.871941,0.362514,0.337714,0.302858,0.172677,0.45828 ,0.676616]"
35,33,"[0.866399,0.229276,0.19129 ,0.390804,0.390705,0.558718,0.626202]"
35,34,"[0.775108,0.243401,0.313067,0.198556,0.459732,0.545463,0.736426]"
35,35,"[0.492393,0.305309,0.336145,0.397977,0.308994,0.484027,1.      ]"
36,1,"[0.019574,0.624925,0.639508,0.659777,0.699532,0.484855,0.476588]"
36,2,"[0.089914,0.75921 ,0.688058,0.74603 ,0.654668,0.233132,0.359916]"
36,3,"[0.187541,0.171492,0.645734,0.609437,0.826134,0.652919,0.558904]"
36,4,"[0.36469 ,0.079677,0.749323,0.883813,0.779829,0.391509,0.357892]"
36,5,"[0.127714,0.398604,0.547986,0.602959,0.935057,0.311356,0.645541]"
36,6,"[0.190314,0.433242,0.322241,0.61949 ,0.901841,0.896945,0.298451]"
36,7,"[0.050583,0.456141,0.449144,0.690331,0.791657,0.638146,0.561122]"
36,8,"[0.103904,0.420025,0.50363 ,0.87591 ,0.813189,0.565007,0.374499]"
36,9,"[0.584487,0.062242,0.19355 ,0.578225,0.651701,0.721219,0.668089]"
36,10,"[0.33345 ,0.294968,0.201128,0.352406,0.756729,0.80657 ,0.765103]"
36,11,"[0.246524,0.273542,0.193444,0.638366,0.825557,0.721683,0.675583]"
36,12,"[0.12369 ,0.48893 ,0.321979,0.443705,0.712936,0.698319,0.759767]"
36,13,"[0.212725,0.33839 ,0.281706,0.544151,0.552063,0.827669,0.790106]"
36,14,"[0.169197,0.804729,0.136831,0.479245,0.847427,0.384983,0.620581]"
36,15,"[0.184931,0.883967,0.854749,0.351682,0.468801,0.257   ,0.426317]"
36,16,"[0.316496,0.8411  ,0.974917,0.587317,0.254563,0.117815,0.2896  ]"
36,17,"[0.193877,0.970893,0.413003,0.436056,0.232265,0.462028,0.650924]"
36,18,"[0.808265,0.586396,0.727788,0.642266,0.346266,0.088046,0.0606  ]"
36,19,"[0.94552 ,0.409894,0.412971,0.703429,0.305288,0.179694,0.24934 ]"
36,20,"[0.92991 ,0.719014,0.24713 ,0.297511,0.34218 ,0.297991,0.295443]"
36,21,"[0.880249,0.66078 ,0.101176,0.272979,0.256126,0.385298,0.559911]"
36,22,"[0.962563,0.45985 ,0.48422 ,0.375195,0.181538,0.276231,0.411676]"
36,23,"[0.874147,0.721016,0.584588,0.416037,0.177716,0.177699,0.206517]"
36,24,"[0.863889,0.620127,0.503638,0.275604,0.173212,0.04343 ,0.608048]"
36,25,"[0.84032 ,0.733069,0.590286,0.170582,0.151399,0.25083 ,0.397881]"
36,26,"[0.765586,0.818444,0.573046,0.080011,0.315252,0.534   ,0.151241]"
36,27,"[0.893477,0.169702,0.268014,0.601415,0.465985,0.586252,0.341513]"
36,28,"[0.776692,0.133286,0.275267,0.619356,0.276617,0.82138 ,0.477649]"
36,29,"[0.80487 ,0.10568 ,0.325563,0.705376,0.296396,0.538795,0.553211]"
36,30,"[0.770119,0.020593,0.655647,0.693108,0.452262,0.47532 ,0.349761]"
36,31,"[0.875342,0.403667,0.410519,0.353908,0.156548,0.811424,0.280774]"
36,32,"[0.909675,0.451993,0.595191,0.329218,0.075865,0.537985,0.321702]"
36,33,"[0.871941,0.362514,0.337714,0.302858,0.172677,0.45828 ,0.676616]"
36,34,"[0.866399,0.229276,0.19129 ,0.390804,0.390705,0.558718,0.626202]"
36,35,"[0.775108,0.243401,0.313067,0.198556,0.459732,0.545463,0.736426]"
36,36,"[0.492393,0.305309,0.336145,0.397977,0.308994,0.484027,1.      ]"
37,1,"[0.019574,0.624925,0.639508,0.659777,0.699532,0.484855,0.476588]"
37,2,"[0.089914,0.75921 ,0.688058,0.74603 ,0.654668,0.233132,0.359916]"
37,3,"[0.187541,0.171492,0.645734,0.609437,0.826134,0.652919,0.558904]"
37,4,"[0.36469 ,0.079677,0.749323,0.883813,0.779829,0.391509,0.357892]"
37,5,"[0.127714,0.398604,0.547986,0.602959,0.935057,0.311356,0.645541]"
37,6,"[0.190314,0.433242,0.322241,0.61949 ,0.901841,0.896945,0.298451]"
37,7,"[0.050583,0.456141,0.449144,0.690331,0.791657,0.638146,0.561122]"
37,8,"[0.103904,0.420025,0.50363 ,0.87591 ,0.813189,0.565007,0.374499]"
37,9,"[0.584487,0.062242,0.19355 ,0.578225,0.651701,0.721219,0.668089]"
37,10,"[0.33345 ,0.294968,0.201128,0.352406,0.756729,0.80657 ,0.765103]"
37,11,"[0.246524,0.273542,0.193444,0.638366,0.825557,0.721683,0.675583]"
37,12,"[0.12369 ,0.48893 ,0.321979,0.443705,0.712936,0.698319,0.759767]"
37,13,"[0.212725,0.33839 ,0.281706,0.544151,0.552063,0.827669,0.790106]"
37,14,"[0.169197,0.804729,0.136831,0.479245,0.847427,0.384983,0.620581]"
37,15,"[0.184931,0.883967,0.854749,0.351682,0.468801,0.257   ,0.426317]"
37,16,"[0.316496,0.8411  ,0.974917,0.587317,0.254563,0.117815,0.2896  ]"
37,17,"[0.193877,0.970893,0.413003,0.436056,0.232265,0.462028,0.650924]"
37,18,"[0.808265,0.586396,0.727788,0.642266,0.346266,0.088046,0.0606  ]"
37,19,"[0.95283 ,0.43208 ,0.42175 ,0.681349,0.299516,0.166099,0.242497]"
37,20,"[0.879727,0.210222,0.333959,0.90215 ,0.357236,0.302051,0.310922]"
37,21,"[0.92991 ,0.719014,0.24713 ,0.297511,0.34218 ,0.297991,0.295443]"
37,22,"[0.880249,0.66078 ,0.101176,0.272979,0.256126,0.385298,0.559911]"
37,23,"[0.962563,0.45985 ,0.48422 ,0.375195,0.181538,0.276231,0.411676]"
37,24,"[0.874147,0.721016,0.584588,0.416037,0.177716,0.177699,0.206517]"
37,25,"[0.863889,0.620127,0.503638,0.275604,0.173212,0.04343 ,0.608048]"
37,26,"[0.84032 ,0.733069,0.590286,0.170582,0.151399,0.25083 ,0.397881]"
37,27,"[0.765586,0.818444,0.573046,0.080011,0.315252,0.534   ,0.151241]"
37,28,"[0.893477,0.169702,0.268014,0.601415,0.465985,0.586252,0.341513]"
37,29,"[0.776692,0.133286,0.275267,0.619356,0.276617,0.82138 ,0.477649]"
37,30,"[0.80487 ,0.10568 ,0.325563,0.705376,0.296396,0.538795,0.553211]"
37,31,"[0.770119,0.020593,0.655647,0.693108,0.452262,0.47532 ,0.349761]"
37,32,"[0.875342,0.403667,0.410519,0.353908,0.156548,0.811424,0.280774]"
37,33,"[0.909675,0.451993,0.595191,0.329218,0.075865,0.537985,0.321702]"
37,34,"[0.871941,0.362514,0.337714,0.302858,0.172677,0.45828 ,0.676616]"
37,35,"[0.866399,0.229276,0.19129 ,0.390804,0.390705,0.558718,0.626202]"
37,36,"[0.775108,0.243401,0.313067,0.198556,0.459732,0.545463,0.736426]"
37,37,"[0.492393,0.305309,0.336145,0.397977,0.308994,0.484027,1.      ]"
38,1,"[0.019574,0.624925,0.639508,0.659777,0.699532,0.484855,0.476588]"
38,2,"[0.089914,0.75921 ,0.688058,0.74603 ,0.654668,0.233132,0.359916]"
38,3,"[0.187541,0.171492,0.645734,0.609437,0.826134,0.652919,0.558904]"
38,4,"[0.36469 ,0.079677,0.749323,0.883813,0.779829,0.391509,0.357892]"
38,5,"[0.127714,0.398604,0.547986,0.602959,0.935057,0.311356,0.645541]"
38,6,"[0.190314,0.433242,0.322241,0.61949 ,0.901841,0.896945,0.298451]"
38,7,"[0.050583,0.456141,0.449144,0.690331,0.791657,0.638146,0.561122]"
38,8,"[0.103904,0.420025,0.50363 ,0.87591 ,0.813189,0.565007,0.374499]"
38,9,"[0.584487,0.062242,0.19355 ,0.578225,0.651701,0.721219,0.668089]"
38,10,"[0.33345 ,0.294968,0.201128,0.352406,0.756729,0.80657 ,0.765103]"
38,11,"[0.246524,0.273542,0.193444,0.638366,0.825557,0.721683,0.675583]"
38,12,"[0.12369 ,0.48893 ,0.321979,0.443705,0.712936,0.698319,0.759767]"
38,13,"[0.212725,0.33839 ,0.281706,0.544151,0.552063,0.827669,0.790106]"
38,14,"[0.169197,0.804729,0.136831,0.479245,0.847427,0.384983,0.620581]"
38,15,"[0.184931,0.883967,0.854749,0.351682,0.468801,0.257   ,0.426317]"
38,16,"[0.316496,0.8411  ,0.974917,0.587317,0.254563,0.117815,0.2896  ]"
38,17,"[0.193877,0.970893,0.413003,0.436056,0.232265,0.462028,0.650924]"
38,18,"[0.808265,0.586396,0.727788,0.642266,0.346266,0.088046,0.0606  ]"
38,19,"[0.95283 ,0.43208 ,0.42175 ,0.681349,0.299516,0.166099,0.242497]"
38,20,"[0.879727,0.210222,0.333959,0.90215 ,0.357236,0.302051,0.310922]"
38,21,"[0.92991 ,0.719014,0.24713 ,0.297511,0.34218 ,0.297991,0.295443]"
38,22,"[0.880249,0.66078 ,0.101176,0.272979,0.256126,0.385298,0.559911]"
38,23,"[0.962563,0.45985 ,0.48422 ,0.375195,0.181538,0.276231,0.411676]"
38,24,"[0.874147,0.721016,0.584588,0.416037,0.177716,0.177699,0.206517]"
38,25,"[0.863889,0.620127,0.503638,0.275604,0.173212,0.04343 ,0.608048]"
38,26,"[0.84032 ,0.733069,0.590286,0.170582,0.151399,0.25083 ,0.397881]"
38,27,"[0.765586,0.818444,0.573046,0.080011,0.315252,0.534   ,0.151241]"
38,28,"[0.893477,0.169702,0.268014,0.601415,0.465985,0.586252,0.341513]"
38,29,"[0.776692,0.133286,0.275267,0.619356,0.276617,0.82138 ,0.477649]"
38,30,"[0.80487 ,0.10568 ,0.325563,0.705376,0.296396,0.538795,0.553211]"
38,31,"[0.770119,0.020593,0.655647,0.693108,0.452262,0.47532 ,0.349761]"
38,32,"[0.875342,0.403667,0.410519,0.353908,0.156548,0.811424,0.280774]"
38,33,"[0.909675,0.451993,0.595191,0.329218,0.075865,0.537985,0.321702]"
38,34,"[0.875084,0.362333,0.336878,0.302481,0.176351,0.453519,0.674567]"
38,35,"[0.724212,0.371043,0.376977,0.320535,0.      ,0.682062,0.772919]"
38,36,"[0.866399,0.229276,0.19129 ,0.390804,0.390705,0.558718,0.626202]"
38,37,"[0.775108,0.243401,0.313067,0.198556,0.459732,0.545463,0.736426]"
38,38,"[0.492393,0.305309,0.336145,0.397977,0.308994,0.484027,1.      ]"
39,1,"[0.019574,0.624925,0.639508,0.659777,0.699532,0.484855,0.476588]"
39,2,"[0.089914,0.75921 ,0.688058,0.74603 ,0.654668,0.233132,0.359916]"
39,3,"[0.187541,0.171492,0.645734,0.609437,0.826134,0.652919,0.558904]"
39,4,"[0.36469 ,0.079677,0.749323,0.883813,0.779829,0.391509,0.357892]"
39,5,"[0.127714,0.398604,0.547986,0.602959,0.935057,0.311356,0.645541]"
39,6,"[0.190314,0.433242,0.322241,0.61949 ,0.901841,0.896945,0.298451]"
39,7,"[0.050583,0.456141,0.449144,0.690331,0.791657,0.638146,0.561122]"
39,8,"[0.103904,0.420025,0.50363 ,0.87591 ,0.813189,0.565007,0.374499]"
39,9,"[0.584487,0.062242,0.19355 ,0.578225,0.651701,0.721219,0.668089]"
39,10,"[0.33345 ,0.294968,0.201128,0.352406,0.756729,0.80657 ,0.765103]"
39,11,"[0.246524,0.273542,0.193444,0.638366,0.825557,0.721683,0.675583]"
39,12,"[0.12369 ,0.48893 ,0.321979,0.443705,0.712936,0.698319,0.759767]"
39,13,"[0.212725,0.33839 ,0.281706,0.544151,0.552063,0.827669,0.790106]"
39,14,"[0.169197,0.804729,0.136831,0.479245,0.847427,0.384983,0.620581]"
39,15,"[0.184931,0.883967,0.854749,0.351682,0.468801,0.257   ,0.426317]"
39,16,"[0.316496,0.8411  ,0.974917,0.587317,0.254563,0.117815,0.2896  ]"
39,17,"[0.193877,0.970893,0.413003,0.436056,0.232265,0.462028,0.650924]"
39,18,"[0.808265,0.586396,0.727788,0.642266,0.346266,0.088046,0.0606  ]"
39,19,"[0.95283 ,0.43208 ,0.42175 ,0.681349,0.299516,0.166099,0.242497]"
39,20,"[0.879727,0.210222,0.333959,0.90215 ,0.357236,0.302051,0.310922]"
39,21,"[0.92991 ,0.719014,0.24713 ,0.297511,0.34218 ,0.297991,0.295443]"
39,22,"[0.880249,0.66078 ,0.101176,0.272979,0.256126,0.385298,0.559911]"
39,23,"[0.962563,0.45985 ,0.48422 ,0.375195,0.181538,0.276231,0.411676]"
39,24,"[0.874147,0.721016,0.584588,0.416037,0.177716,0.177699,0.206517]"
39,25,"[0.863889,0.620127,0.503638,0.275604,0.173212,0.04343 ,0.608048]"
39,26,"[0.84032 ,0.733069,0.590286,0.170582,0.151399,0.25083 ,0.397881]"
39,27,"[0.765586,0.818444,0.573046,0.080011,0.315252,0.534   ,0.151241]"
39,28,"[0.893477,0.169702,0.268014,0.601415,0.465985,0.586252,0.341513]"
39,29,"[0.776692,0.133286,0.275267,0.619356,0.276617,0.82138 ,0.477649]"
39,30,"[0.927443,0.218576,0.313627,0.561019,0.25211 ,0.479056,0.490812]"
39,31,"[0.788155,0.090285,0.32719 ,0.725062,0.302435,0.546942,0.56172 ]"
39,32,"[0.770119,0.020593,0.655647,0.693108,0.452262,0.47532 ,0.349761]"
39,33,"[0.875342,0.403667,0.410519,0.353908,0.156548,0.811424,0.280774]"
39,34,"[0.909675,0.451993,0.595191,0.329218,0.075865,0.537985,0.321702]"
39,35,"[0.875084,0.362333,0.336878,0.302481,0.176351,0.453519,0.674567]"
39,36,"[0.724212,0.371043,0.376977,0.320535,0.      ,0.682062,0.772919]"
39,37,"[0.866399,0.229276,0.19129 ,0.390804,0.390705,0.558718,0.626202]"
39,38,"[0.775108,0.243401,0.313067,0.198556,0.459732,0.545463,0.736426]"
39,39,"[0.492393,0.305309,0.336145,0.397977,0.308994,0.484027,1.      ]"
40,1,"[0.019574,0.624925,0.639508,0.659777,0.699532,0.484855,0.476588]"
40,2,"[0.089914,0.75921 ,0.688058,0.74603 ,0.654668,0.233132,0.359916]"
40,3,"[0.187541,0.171492,0.645734,0.609437,0.826134,0.652919,0.558904]"
40,4,"[0.36469 ,0.079677,0.749323,0.883813,0.779829,0.391509,0.357892]"
40,5,"[0.127714,0.398604,0.547986,0.602959,0.935057,0.311356,0.645541]"
40,6,"[0.190314,0.433242,0.322241,0.61949 ,0.901841,0.896945,0.298451]"
40,7,"[0.050583,0.456141,0.449144,0.690331,0.791657,0.638146,0.561122]"
40,8,"[0.103904,0.420025,0.50363 ,0.87591 ,0.813189,0.565007,0.374499]"
40,9,"[0.584487,0.062242,0.19355 ,0.578225,0.651701,0.721219,0.668089]"
40,10,"[0.33345 ,0.294968,0.201128,0.352406,0.756729,0.80657 ,0.765103]"
40,11,"[0.246524,0.273542,0.193444,0.638366,0.825557,0.721683,0.675583]"
40,12,"[0.12369 ,0.48893 ,0.321979,0.443705,0.712936,0.698319,0.759767]"
40,13,"[0.212725,0.33839 ,0.281706,0.544151,0.552063,0.827669,0.790106]"
40,14,"[0.169197,0.804729,0.136831,0.479245,0.847427,0.384983,0.620581]"
40,15,"[0.184931,0.883967,0.854749,0.351682,0.468801,0.257   ,0.426317]"
40,16,"[0.316496,0.8411  ,0.974917,0.587317,0.254563,0.117815,0.2896  ]"
40,17,"[0.193877,0.970893,0.413003,0.436056,0.232265,0.462028,0.650924]"
40,18,"[0.808265,0.586396,0.727788,0.642266,0.346266,0.088046,0.0606  ]"
40,19,"[0.95283 ,0.43208 ,0.42175 ,0.681349,0.299516,0.166099,0.242497]"
40,20,"[0.879727,0.210222,0.333959,0.90215 ,0.357236,0.302051,0.310922]"
40,21,"[0.92991 ,0.719014,0.24713 ,0.297511,0.34218 ,0.297991,0.295443]"
40,22,"[0.880249,0.66078 ,0.101176,0.272979,0.256126,0.385298,0.559911]"
40,23,"[0.962563,0.45985 ,0.48422 ,0.375195,0.181538,0.276231,0.411676]"
40,24,"[0.874147,0.721016,0.584588,0.416037,0.177716,0.177699,0.206517]"
40,25,"[0.863889,0.620127,0.503638,0.275604,0.173212,0.04343 ,0.608048]"
40,26,"[0.84032 ,0.733069,0.590286,0.170582,0.151399,0.25083 ,0.397881]"
40,27,"[0.765586,0.818444,0.573046,0.080011,0.315252,0.534   ,0.151241]"
40,28,"[0.893477,0.169702,0.268014,0.601415,0.465985,0.586252,0.341513]"
40,29,"[0.776692,0.133286,0.275267,0.619356,0.276617,0.82138 ,0.477649]"
40,30,"[0.927443,0.218576,0.313627,0.561019,0.25211 ,0.479056,0.490812]"
40,31,"[0.788155,0.090285,0.32719 ,0.725062,0.302435,0.546942,0.56172 ]"
40,32,"[0.770119,0.020593,0.655647,0.693108,0.452262,0.47532 ,0.349761]"
40,33,"[0.875342,0.403667,0.410519,0.353908,0.156548,0.811424,0.280774]"
40,34,"[0.909675,0.451993,0.595191,0.329218,0.075865,0.537985,0.321702]"
40,35,"[0.875084,0.362333,0.336878,0.302481,0.176351,0.453519,0.674567]"
40,36,"[0.724212,0.371043,0.376977,0.320535,0.      ,0.682062,0.772919]"
40,37,"[0.866399,0.229276,0.19129 ,0.390804,0.390705,0.558718,0.626202]"
40,38,"[0.783889,0.33492 ,0.242691,0.190913,0.379467,0.48347 ,0.802037]"
40,39,"[0.766326,0.151881,0.383444,0.206199,0.539997,0.607455,0.670815]"
40,40,"[0.492393,0.305309,0.336145,0.397977,0.308994,0.484027,1.      ]"
41,1,"[0.019574,0.624925,0.639508,0.659777,0.699532,0.484855,0.476588]"
41,2,"[0.089914,0.75921 ,0.688058,0.74603 ,0.654668,0.233132,0.359916]"
41,3,"[0.187541,0.171492,0.645734,0.609437,0.826134,0.652919,0.558904]"
41,4,"[0.36469 ,0.079677,0.749323,0.883813,0.779829,0.391509,0.357892]"
41,5,"[0.127714,0.398604,0.547986,0.602959,0.935057,0.311356,0.645541]"
41,6,"[0.190314,0.433242,0.322241,0.61949 ,0.901841,0.896945,0.298451]"
41,7,"[0.050583,0.456141,0.449144,0.690331,0.791657,0.638146,0.561122]"
41,8,"[0.103904,0.420025,0.50363 ,0.87591 ,0.813189,0.565007,0.374499]"
41,9,"[0.584487,0.062242,0.19355 ,0.578225,0.651701,0.721219,0.668089]"
41,10,"[0.33345 ,0.294968,0.201128,0.352406,0.756729,0.80657 ,0.765103]"
41,11,"[0.246524,0.273542,0.193444,0.638366,0.825557,0.721683,0.675583]"
41,12,"[0.12369 ,0.48893 ,0.321979,0.443705,0.712936,0.698319,0.759767]"
41,13,"[0.212725,0.33839 ,0.281706,0.544151,0.552063,0.827669,0.790106]"
41,14,"[0.169197,0.804729,0.136831,0.479245,0.847427,0.384983,0.620581]"
41,15,"[0.184931,0.883967,0.854749,0.351682,0.468801,0.257   ,0.426317]"
41,16,"[0.316496,0.8411  ,0.974917,0.587317,0.254563,0.117815,0.2896  ]"
41,17,"[0.193877,0.970893,0.413003,0.436056,0.232265,0.462028,0.650924]"
41,18,"[0.808265,0.586396,0.727788,0.642266,0.346266,0.088046,0.0606  ]"
41,19,"[0.95283 ,0.43208 ,0.42175 ,0.681349,0.299516,0.166099,0.242497]"
41,20,"[0.879727,0.210222,0.333959,0.90215 ,0.357236,0.302051,0.310922]"
41,21,"[0.92991 ,0.719014,0.24713 ,0.297511,0.34218 ,0.297991,0.295443]"
41,22,"[0.880249,0.66078 ,0.101176,0.272979,0.256126,0.385298,0.559911]"
41,23,"[0.962563,0.45985 ,0.48422 ,0.375195,0.181538,0.276231,0.411676]"
41,24,"[0.874147,0.721016,0.584588,0.416037,0.177716,0.177699,0.206517]"
41,25,"[0.863889,0.620127,0.503638,0.275604,0.173212,0.04343 ,0.608048]"
41,26,"[0.834403,0.73667 ,0.589124,0.17445 ,0.115651,0.262512,0.418568]"
41,27,"[0.881738,0.707863,0.59842 ,0.143505,0.401631,0.169057,0.253069]"
41,28,"[0.765586,0.818444,0.573046,0.080011,0.315252,0.534   ,0.151241]"
41,29,"[0.893477,0.169702,0.268014,0.601415,0.465985,0.586252,0.341513]"
41,30,"[0.776692,0.133286,0.275267,0.619356,0.276617,0.82138 ,0.477649]"
41,31,"[0.927443,0.218576,0.313627,0.561019,0.25211 ,0.479056,0.490812]"
41,32,"[0.788155,0.090285,0.32719 ,0.725062,0.302435,0.546942,0.56172 ]"
41,33,"[0.770119,0.020593,0.655647,0.693108,0.452262,0.47532 ,0.349761]"
41,34,"[0.875342,0.403667,0.410519,0.353908,0.156548,0.811424,0.280774]"
41,35,"[0.909675,0.451993,0.595191,0.329218,0.075865,0.537985,0.321702]"
41,36,"[0.875084,0.362333,0.336878,0.302481,0.176351,0.453519,0.674567]"
41,37,"[0.724212,0.371043,0.376977,0.320535,0.      ,0.682062,0.772919]"
41,38,"[0.866399,0.229276,0.19129 ,0.390804,0.390705,0.558718,0.626202]"
41,39,"[0.783889,0.33492 ,0.242691,0.190913,0.379467,0.48347 ,0.802037]"
41,40,"[0.766326,0.151881,0.383444,0.206199,0.539997,0.607455,0.670815]"
41,41,"[0.492393,0.305309,0.336145,0.397977,0.308994,0.484027,1.      ]"
42,1,"[0.019574,0.624925,0.639508,0.659777,0.699532,0.484855,0.476588]"
42,2,"[0.089914,0.75921 ,0.688058,0.74603 ,0.654668,0.233132,0.359916]"
42,3,"[0.187541,0.171492,0.645734,0.609437,0.826134,0.652919,0.558904]"
42,4,"[0.36469 ,0.079677,0.749323,0.883813,0.779829,0.391509,0.357892]"
42,5,"[0.127714,0.398604,0.547986,0.602959,0.935057,0.311356,0.645541]"
42,6,"[0.190314,0.433242,0.322241,0.61949 ,0.901841,0.896945,0.298451]"
42,7,"[0.050583,0.456141,0.449144,0.690331,0.791657,0.638146,0.561122]"
42,8,"[0.103904,0.420025,0.50363 ,0.87591 ,0.813189,0.565007,0.374499]"
42,9,"[0.584487,0.062242,0.19355 ,0.578225,0.651701,0.721219,0.668089]"
42,10,"[0.33345 ,0.294968,0.201128,0.352406,0.756729,0.80657 ,0.765103]"
42,11,"[0.246524,0.273542,0.193444,0.638366,0.825557,0.721683,0.675583]"
42,12,"[0.12369 ,0.48893 ,0.321979,0.443705,0.712936,0.698319,0.759767]"
42,13,"[0.206595,0.314345,0.28377 ,0.572939,0.580276,0.835917,0.76946 ]"
42,14,"[0.243375,0.458616,0.271382,0.400213,0.410997,0.786428,0.893337]"
42,15,"[0.169197,0.804729,0.136831,0.479245,0.847427,0.384983,0.620581]"
42,16,"[0.184931,0.883967,0.854749,0.351682,0.468801,0.257   ,0.426317]"
42,17,"[0.316496,0.8411  ,0.974917,0.587317,0.254563,0.117815,0.2896  ]"
42,18,"[0.193877,0.970893,0.413003,0.436056,0.232265,0.462028,0.650924]"
42,19,"[0.808265,0.586396,0.727788,0.642266,0.346266,0.088046,0.0606  ]"
42,20,"[0.95283 ,0.43208 ,0.42175 ,0.681349,0.299516,0.166099,0.242497]"
42,21,"[0.879727,0.210222,0.333959,0.90215 ,0.357236,0.302051,0.310922]"
42,22,"[0.92991 ,0.719014,0.24713 ,0.297511,0.34218 ,0.297991,0.295443]"
42,23,"[0.880249,0.66078 ,0.101176,0.272979,0.256126,0.385298,0.559911]"
42,24,"[0.962563,0.45985 ,0.48422 ,0.375195,0.181538,0.276231,0.411676]"
42,25,"[0.874147,0.721016,0.584588,0.416037,0.177716,0.177699,0.206517]"
42,26,"[0.863889,0.620127,0.503638,0.275604,0.173212,0.04343 ,0.608048]"
42,27,"[0.834403,0.73667 ,0.589124,0.17445 ,0.115651,0.262512,0.418568]"
42,28,"[0.881738,0.707863,0.59842 ,0.143505,0.401631,0.169057,0.253069]"
42,29,"[0.765586,0.818444,0.573046,0.080011,0.315252,0.534   ,0.151241]"
42,30,"[0.893477,0.169702,0.268014,0.601415,0.465985,0.586252,0.341513]"
42,31,"[0.776692,0.133286,0.275267,0.619356,0.276617,0.82138 ,0.477649]"
42,32,"[0.927443,0.218576,0.313627,0.561019,0.25211 ,0.479056,0.490812]"
42,33,"[0.788155,0.090285,0.32719 ,0.725062,0.302435,0.546942,0.56172 ]"
42,34,"[0.770119,0.020593,0.655647,0.693108,0.452262,0.47532 ,0.349761]"
42,35,"[0.875342,0.403667,0.410519,0.353908,0.156548,0.811424,0.280774]"
42,36,"[0.909675,0.451993,0.595191,0.329218,0.075865,0.537985,0.321702]"
42,37,"[0.875084,0.362333,0.336878,0.302481,0.176351,0.453519,0.674567]"
42,38,"[0.724212,0.371043,0.376977,0.320535,0.      ,0.682062,0.772919]"
42,39,"[0.866399,0.229276,0.19129 ,0.390804,0.390705,0.558718,0.626202]"
42,40,"[0.783889,0.33492 ,0.242691,0.190913,0.379467,0.48347 ,0.802037]"
42,41,"[0.766326,0.151881,0.383444,0.206199,0.539997,0.607455,0.670815]"
42,42,"[0.492393,0.305309,0.336145,0.397977,0.308994,0.484027,1.      ]"
43,1,"[0.019574,0.624925,0.639508,0.659777,0.699532,0.484855,0.476588]"
43,2,"[0.115628,0.619384,0.718374,0.800152,0.808614,0.14233 ,0.352181]"
43,3,"[0.079629,0.81514 ,0.675931,0.724381,0.593089,0.269453,0.36301 ]"
43,4,"[0.187541,0.171492,0.645734,0.609437,0.826134,0.652919,0.558904]"
43,5,"[0.36469 ,0.079677,0.749323,0.883813,0.779829,0.391509,0.357892]"
43,6,"[0.127714,0.398604,0.547986,0.602959,0.935057,0.311356,0.645541]"
43,7,"[0.190314,0.433242,0.322241,0.61949 ,0.901841,0.896945,0.298451]"
43,8,"[0.050583,0.456141,0.449144,0.690331,0.791657,0.638146,0.561122]"
43,9,"[0.103904,0.420025,0.50363 ,0.87591 ,0.813189,0.565007,0.374499]"
43,10,"[0.584487,0.062242,0.19355 ,0.578225,0.651701,0.721219,0.668089]"
43,11,"[0.33345 ,0.294968,0.201128,0.352406,0.756729,0.80657 ,0.765103]"
43,12,"[0.246524,0.273542,0.193444,0.638366,0.825557,0.721683,0.675583]"
43,13,"[0.12369 ,0.48893 ,0.321979,0.443705,0.712936,0.698319,0.759767]"
43,14,"[0.206595,0.314345,0.28377 ,0.572939,0.580276,0.835917,0.76946 ]"
43,15,"[0.243375,0.458616,0.271382,0.400213,0.410997,0.786428,0.893337]"
43,16,"[0.169197,0.804729,0.136831,0.479245,0.847427,0.384983,0.620581]"
43,17,"[0.184931,0.883967,0.854749,0.351682,0.468801,0.257   ,0.426317]"
43,18,"[0.316496,0.8411  ,0.974917,0.587317,0.254563,0.117815,0.2896  ]"
43,19,"[0.193877,0.970893,0.413003,0.436056,0.232265,0.462028,0.650924]"
43,20,"[0.808265,0.586396,0.727788,0.642266,0.346266,0.088046,0.0606  ]"
43,21,"[0.95283 ,0.43208 ,0.42175 ,0.681349,0.299516,0.166099,0.242497]"
43,22,"[0.879727,0.210222,0.333959,0.90215 ,0.357236,0.302051,0.310922]"
43,23,"[0.92991 ,0.719014,0.24713 ,0.297511,0.34218 ,0.297991,0.295443]"
43,24,"[0.880249,0.66078 ,0.101176,0.272979,0.256126,0.385298,0.559911]"
43,25,"[0.962563,0.45985 ,0.48422 ,0.375195,0.181538,0.276231,0.411676]"
43,26,"[0.874147,0.721016,0.584588,0.416037,0.177716,0.177699,0.206517]"
43,27,"[0.863889,0.620127,0.503638,0.275604,0.173212,0.04343 ,0.608048]"
43,28,"[0.834403,0.73667 ,0.589124,0.17445 ,0.115651,0.262512,0.418568]"
43,29,"[0.881738,0.707863,0.59842 ,0.143505,0.401631,0.169057,0.253069]"
43,30,"[0.765586,0.818444,0.573046,0.080011,0.315252,0.534   ,0.151241]"
43,31,"[0.893477,0.169702,0.268014,0.601415,0.465985,0.586252,0.341513]"
43,32,"[0.776692,0.133286,0.275267,0.619356,0.276617,0.82138 ,0.477649]"
43,33,"[0.927443,0.218576,0.313627,0.561019,0.25211 ,0.479056,0.490812]"
43,34,"[0.788155,0.090285,0.32719 ,0.725062,0.302435,0.546942,0.56172 ]"
43,35,"[0.770119,0.020593,0.655647,0.693108,0.452262,0.47532 ,0.349761]"
43,36,"[0.875342,0.403667,0.410519,0.353908,0.156548,0.811424,0.280774]"
43,37,"[0.909675,0.451993,0.595191,0.329218,0.075865,0.537985,0.321702]"
43,38,"[0.875084,0.362333,0.336878,0.302481,0.176351,0.453519,0.674567]"
43,39,"[0.724212,0.371043,0.376977,0.320535,0.      ,0.682062,0.772919]"
43,40,"[0.866399,0.229276,0.19129 ,0.390804,0.390705,0.558718,0.626202]"
43,41,"[0.783889,0.33492 ,0.242691,0.190913,0.379467,0.48347 ,0.802037]"
43,42,"[0.766326,0.151881,0.383444,0.206199,0.539997,0.607455,0.670815]"
43,43,"[0.492393,0.305309,0.336145,0.397977,0.308994,0.484027,1.      ]"
44,1,"[0.019574,0.624925,0.639508,0.659777,0.699532,0.484855,0.476588]"
44,2,"[0.115628,0.619384,0.718374,0.800152,0.808614,0.14233 ,0.352181]"
44,3,"[0.079629,0.81514 ,0.675931,0.724381,0.593089,0.269453,0.36301 ]"
44,4,"[0.187541,0.171492,0.645734,0.609437,0.826134,0.652919,0.558904]"
44,5,"[0.36469 ,0.079677,0.749323,0.883813,0.779829,0.391509,0.357892]"
44,6,"[0.127714,0.398604,0.547986,0.602959,0.935057,0.311356,0.645541]"
44,7,"[0.190314,0.433242,0.322241,0.61949 ,0.901841,0.896945,0.298451]"
44,8,"[0.050583,0.456141,0.449144,0.690331,0.791657,0.638146,0.561122]"
44,9,"[0.103904,0.420025,0.50363 ,0.87591 ,0.813189,0.565007,0.374499]"
44,10,"[0.584487,0.062242,0.19355 ,0.578225,0.651701,0.721219,0.668089]"
44,11,"[0.33345 ,0.294968,0.201128,0.352406,0.756729,0.80657 ,0.765103]"
44,12,"[0.246524,0.273542,0.193444,0.638366,0.825557,0.721683,0.675583]"
44,13,"[0.12369 ,0.48893 ,0.321979,0.443705,0.712936,0.698319,0.759767]"
44,14,"[0.206595,0.314345,0.28377 ,0.572939,0.580276,0.835917,0.76946 ]"
44,15,"[0.243375,0.458616,0.271382,0.400213,0.410997,0.786428,0.893337]"
44,16,"[0.169197,0.804729,0.136831,0.479245,0.847427,0.384983,0.620581]"
44,17,"[0.184931,0.883967,0.854749,0.351682,0.468801,0.257   ,0.426317]"
44,18,"[0.316496,0.8411  ,0.974917,0.587317,0.254563,0.117815,0.2896  ]"
44,19,"[0.193877,0.970893,0.413003,0.436056,0.232265,0.462028,0.650924]"
44,20,"[0.808265,0.586396,0.727788,0.642266,0.346266,0.088046,0.0606  ]"
44,21,"[0.95283 ,0.43208 ,0.42175 ,0.681349,0.299516,0.166099,0.242497]"
44,22,"[0.879727,0.210222,0.333959,0.90215 ,0.357236,0.302051,0.310922]"
44,23,"[0.92991 ,0.719014,0.24713 ,0.297511,0.34218 ,0.297991,0.295443]"
44,24,"[0.878859,0.694818,0.106375,0.352121,0.105575,0.452099,0.525873]"
44,25,"[0.881639,0.626741,0.095976,0.193837,0.406678,0.318498,0.593948]"
44,26,"[0.962563,0.45985 ,0.48422 ,0.375195,0.181538,0.276231,0.411676]"
44,27,"[0.874147,0.721016,0.584588,0.416037,0.177716,0.177699,0.206517]"
44,28,"[0.863889,0.620127,0.503638,0.275604,0.173212,0.04343 ,0.608048]"
44,29,"[0.834403,0.73667 ,0.589124,0.17445 ,0.115651,0.262512,0.418568]"
44,30,"[0.881738,0.707863,0.59842 ,0.143505,0.401631,0.169057,0.253069]"
44,31,"[0.765586,0.818444,0.573046,0.080011,0.315252,0.534   ,0.151241]"
44,32,"[0.893477,0.169702,0.268014,0.601415,0.465985,0.586252,0.341513]"
44,33,"[0.776692,0.133286,0.275267,0.619356,0.276617,0.82138 ,0.477649]"
44,34,"[0.927443,0.218576,0.313627,0.561019,0.25211 ,0.479056,0.490812]"
44,35,"[0.788155,0.090285,0.32719 ,0.725062,0.302435,0.546942,0.56172 ]"
44,36,"[0.770119,0.020593,0.655647,0.693108,0.452262,0.47532 ,0.349761]"
44,37,"[0.875342,0.403667,0.410519,0.353908,0.156548,0.811424,0.280774]"
44,38,"[0.909675,0.451993,0.595191,0.329218,0.075865,0.537985,0.321702]"
44,39,"[0.875084,0.362333,0.336878,0.302481,0.176351,0.453519,0.674567]"
44,40,"[0.724212,0.371043,0.376977,0.320535,0.      ,0.682062,0.772919]"
44,41,"[0.866399,0.229276,0.19129 ,0.390804,0.390705,0.558718,0.626202]"
44,42,"[0.783889,0.33492 ,0.242691,0.190913,0.379467,0.48347 ,0.802037]"
44,43,"[0.766326,0.151881,0.383444,0.206199,0.539997,0.607455,0.670815]"
44,44,"[0.492393,0.305309,0.336145,0.397977,0.308994,0.484027,1.      ]"
45,1,"[0.019574,0.624925,0.639508,0.659777,0.699532,0.484855,0.476588]"
45,2,"[0.115628,0.619384,0.718374,0.800152,0.808614,0.14233 ,0.352181]"
45,3,"[0.079629,0.81514 ,0.675931,0.724381,0.593089,0.269453,0.36301 ]"
45,4,"[0.187541,0.171492,0.645734,0.609437,0.826134,0.652919,0.558904]"
45,5,"[0.36469 ,0.079677,0.749323,0.883813,0.779829,0.391509,0.357892]"
45,6,"[0.127714,0.398604,0.547986,0.602959,0.935057,0.311356,0.645541]"
45,7,"[0.190314,0.433242,0.322241,0.61949 ,0.901841,0.896945,0.298451]"
45,8,"[0.050583,0.456141,0.449144,0.690331,0.791657,0.638146,0.561122]"
45,9,"[0.113215,0.357282,0.504745,0.873452,0.814358,0.604123,0.400226]"
45,10,"[0.084247,0.552481,0.501275,0.881101,0.810722,0.48243 ,0.320187]"
45,11,"[0.584487,0.062242,0.19355 ,0.578225,0.651701,0.721219,0.668089]"
45,12,"[0.33345 ,0.294968,0.201128,0.352406,0.756729,0.80657 ,0.765103]"
45,13,"[0.246524,0.273542,0.193444,0.638366,0.825557,0.721683,0.675583]"
45,14,"[0.12369 ,0.48893 ,0.321979,0.443705,0.712936,0.698319,0.759767]"
45,15,"[0.206595,0.314345,0.28377 ,0.572939,0.580276,0.835917,0.76946 ]"
45,16,"[0.243375,0.458616,0.271382,0.400213,0.410997,0.786428,0.893337]"
45,17,"[0.169197,0.804729,0.136831,0.479245,0.847427,0.384983,0.620581]"
45,18,"[0.184931,0.883967,0.854749,0.351682,0.468801,0.257   ,0.426317]"
45,19,"[0.316496,0.8411  ,0.974917,0.587317,0.254563,0.117815,0.2896  ]"
45,20,"[0.193877,0.970893,0.413003,0.436056,0.232265,0.462028,0.650924]"
45,21,"[0.808265,0.586396,0.727788,0.642266,0.346266,0.088046,0.0606  ]"
45,22,"[0.95283 ,0.43208 ,0.42175 ,0.681349,0.299516,0.166099,0.242497]"
45,23,"[0.879727,0.210222,0.333959,0.90215 ,0.357236,0.302051,0.310922]"
45,24,"[0.92991 ,0.719014,0.24713 ,0.297511,0.34218 ,0.297991,0.295443]"
45,25,"[0.878859,0.694818,0.106375,0.352121,0.105575,0.452099,0.525873]"
45,26,"[0.881639,0.626741,0.095976,0.193837,0.406678,0.318498,0.593948]"
45,27,"[0.962563,0.45985 ,0.48422 ,0.375195,0.181538,0.276231,0.411676]"
45,28,"[0.874147,0.721016,0.584588,0.416037,0.177716,0.177699,0.206517]"
45,29,"[0.863889,0.620127,0.503638,0.275604,0.173212,0.04343 ,0.608048]"
45,30,"[0.834403,0.73667 ,0.589124,0.17445 ,0.115651,0.262512,0.418568]"
45,31,"[0.881738,0.707863,0.59842 ,0.143505,0.401631,0.169057,0.253069]"
45,32,"[0.765586,0.818444,0.573046,0.080011,0.315252,0.534   ,0.151241]"
45,33,"[0.893477,0.169702,0.268014,0.601415,0.465985,0.586252,0.341513]"
45,34,"[0.776692,0.133286,0.275267,0.619356,0.276617,0.82138 ,0.477649]"
45,35,"[0.927443,0.218576,0.313627,0.561019,0.25211 ,0.479056,0.490812]"
45,36,"[0.788155,0.090285,0.32719 ,0.725062,0.302435,0.546942,0.56172 ]"
45,37,"[0.770119,0.020593,0.655647,0.693108,0.452262,0.47532 ,0.349761]"
45,38,"[0.875342,0.403667,0.410519,0.353908,0.156548,0.811424,0.280774]"
45,39,"[0.909675,0.451993,0.595191,0.329218,0.075865,0.537985,0.321702]"
45,40,"[0.875084,0.362333,0.336878,0.302481,0.176351,0.453519,0.674567]"
45,41,"[0.724212,0.371043,0.376977,0.320535,0.      ,0.682062,0.772919]"
45,42,"[0.866399,0.229276,0.19129 ,0.390804,0.390705,0.558718,0.626202]"
45,43,"[0.783889,0.33492 ,0.242691,0.190913,0.379467,0.48347 ,0.802037]"
45,44,"[0.766326,0.151881,0.383444,0.206199,0.539997,0.607455,0.670815]"
45,45,"[0.492393,0.305309,0.336145,0.397977,0.308994,0.484027,1.      ]"
46,1,"[0.025135,0.613514,0.794283,0.662355,0.595422,0.431406,0.474011]"
46,2,"[0.017191,0.629816,0.573176,0.658672,0.74415 ,0.507761,0.477693]"
46,3,"[0.115628,0.619384,0.718374,0.800152,0.808614,0.14233 ,0.352181]"
46,4,"[0.079629,0.81514 ,0.675931,0.724381,0.593089,0.269453,0.36301 ]"
46,5,"[0.187541,0.171492,0.645734,0.609437,0.826134,0.652919,0.558904]"
46,6,"[0.36469 ,0.079677,0.749323,0.883813,0.779829,0.391509,0.357892]"
46,7,"[0.127714,0.398604,0.547986,0.602959,0.935057,0.311356,0.645541]"
46,8,"[0.190314,0.433242,0.322241,0.61949 ,0.901841,0.896945,0.298451]"
46,9,"[0.050583,0.456141,0.449144,0.690331,0.791657,0.638146,0.561122]"
46,10,"[0.113215,0.357282,0.504745,0.873452,0.814358,0.604123,0.400226]"
46,11,"[0.084247,0.552481,0.501275,0.881101,0.810722,0.48243 ,0.320187]"
46,12,"[0.584487,0.062242,0.19355 ,0.578225,0.651701,0.721219,0.668089]"
46,13,"[0.33345 ,0.294968,0.201128,0.352406,0.756729,0.80657 ,0.765103]"
46,14,"[0.246524,0.273542,0.193444,0.638366,0.825557,0.721683,0.675583]"
46,15,"[0.12369 ,0.48893 ,0.321979,0.443705,0.712936,0.698319,0.759767]"
46,16,"[0.206595,0.314345,0.28377 ,0.572939,0.580276,0.835917,0.76946 ]"
46,17,"[0.243375,0.458616,0.271382,0.400213,0.410997,0.786428,0.893337]"
46,18,"[0.169197,0.804729,0.136831,0.479245,0.847427,0.384983,0.620581]"
46,19,"[0.184931,0.883967,0.854749,0.351682,0.468801,0.257   ,0.426317]"
46,20,"[0.316496,0.8411  ,0.974917,0.587317,0.254563,0.117815,0.2896  ]"
46,21,"[0.193877,0.970893,0.413003,0.436056,0.232265,0.462028,0.650924]"
46,22,"[0.808265,0.586396,0.727788,0.642266,0.346266,0.088046,0.0606  ]"
46,23,"[0.95283 ,0.43208 ,0.42175 ,0.681349,0.299516,0.166099,0.242497]"
46,24,"[0.879727,0.210222,0.333959,0.90215 ,0.357236,0.302051,0.310922]"
46,25,"[0.92991 ,0.719014,0.24713 ,0.297511,0.34218 ,0.297991,0.295443]"
46,26,"[0.878859,0.694818,0.106375,0.352121,0.105575,0.452099,0.525873]"
46,27,"[0.881639,0.626741,0.095976,0.193837,0.406678,0.318498,0.593948]"
46,28,"[0.962563,0.45985 ,0.48422 ,0.375195,0.181538,0.276231,0.411676]"
46,29,"[0.874147,0.721016,0.584588,0.416037,0.177716,0.177699,0.206517]"
46,30,"[0.863889,0.620127,0.503638,0.275604,0.173212,0.04343 ,0.608048]"
46,31,"[0.834403,0.73667 ,0.589124,0.17445 ,0.115651,0.262512,0.418568]"
46,32,"[0.881738,0.707863,0.59842 ,0.143505,0.401631,0.169057,0.253069]"
46,33,"[0.765586,0.818444,0.573046,0.080011,0.315252,0.534   ,0.151241]"
46,34,"[0.893477,0.169702,0.268014,0.601415,0.465985,0.586252,0.341513]"
46,35,"[0.776692,0.133286,0.275267,0.619356,0.276617,0.82138 ,0.477649]"
46,36,"[0.927443,0.218576,0.313627,0.561019,0.25211 ,0.479056,0.490812]"
46,37,"[0.788155,0.090285,0.32719 ,0.725062,0.302435,0.546942,0.56172 ]"
46,38,"[0.770119,0.020593,0.655647,0.693108,0.452262,0.47532 ,0.349761]"
46,39,"[0.875342,0.403667,0.410519,0.353908,0.156548,0.811424,0.280774]"
46,40,"[0.909675,0.451993,0.595191,0.329218,0.075865,0.537985,0.321702]"
46,41,"[0.875084,0.362333,0.336878,0.302481,0.176351,0.453519,0.674567]"
46,42,"[0.724212,0.371043,0.376977,0.320535,0.      ,0.682062,0.772919]"
46,43,"[0.866399,0.229276,0.19129 ,0.390804,0.390705,0.558718,0.626202]"
46,44,"[0.783889,0.33492 ,0.242691,0.190913,0.379467,0.48347 ,0.802037]"
46,45,"[0.766326,0.151881,0.383444,0.206199,0.539997,0.607455,0.670815]"
46,46,"[0.492393,0.305309,0.336145,0.397977,0.308994,0.484027,1.      ]"
47,1,"[0.025135,0.613514,0.794283,0.662355,0.595422,0.431406,0.474011]"
47,2,"[0.017191,0.629816,0.573176,0.658672,0.74415 ,0.507761,0.477693]"
47,3,"[0.115628,0.619384,0.718374,0.800152,0.808614,0.14233 ,0.352181]"
47,4,"[0.079629,0.81514 ,0.675931,0.724381,0.593089,0.269453,0.36301 ]"
47,5,"[0.187541,0.171492,0.645734,0.609437,0.826134,0.652919,0.558904]"
47,6,"[0.36469 ,0.079677,0.749323,0.883813,0.779829,0.391509,0.357892]"
47,7,"[0.127714,0.398604,0.547986,0.602959,0.935057,0.311356,0.645541]"
47,8,"[0.190314,0.433242,0.322241,0.61949 ,0.901841,0.896945,0.298451]"
47,9,"[0.050583,0.456141,0.449144,0.690331,0.791657,0.638146,0.561122]"
47,10,"[0.113215,0.357282,0.504745,0.873452,0.814358,0.604123,0.400226]"
47,11,"[0.084247,0.552481,0.501275,0.881101,0.810722,0.48243 ,0.320187]"
47,12,"[0.584487,0.062242,0.19355 ,0.578225,0.651701,0.721219,0.668089]"
47,13,"[0.33345 ,0.294968,0.201128,0.352406,0.756729,0.80657 ,0.765103]"
47,14,"[0.246524,0.273542,0.193444,0.638366,0.825557,0.721683,0.675583]"
47,15,"[0.12369 ,0.48893 ,0.321979,0.443705,0.712936,0.698319,0.759767]"
47,16,"[0.206595,0.314345,0.28377 ,0.572939,0.580276,0.835917,0.76946 ]"
47,17,"[0.243375,0.458616,0.271382,0.400213,0.410997,0.786428,0.893337]"
47,18,"[0.169197,0.804729,0.136831,0.479245,0.847427,0.384983,0.620581]"
47,19,"[0.184931,0.883967,0.854749,0.351682,0.468801,0.257   ,0.426317]"
47,20,"[0.316496,0.8411  ,0.974917,0.587317,0.254563,0.117815,0.2896  ]"
47,21,"[0.193877,0.970893,0.413003,0.436056,0.232265,0.462028,0.650924]"
47,22,"[0.808265,0.586396,0.727788,0.642266,0.346266,0.088046,0.0606  ]"
47,23,"[0.95283 ,0.43208 ,0.42175 ,0.681349,0.299516,0.166099,0.242497]"
47,24,"[0.879727,0.210222,0.333959,0.90215 ,0.357236,0.302051,0.310922]"
47,25,"[0.92991 ,0.719014,0.24713 ,0.297511,0.34218 ,0.297991,0.295443]"
47,26,"[0.878859,0.694818,0.106375,0.352121,0.105575,0.452099,0.525873]"
47,27,"[0.881639,0.626741,0.095976,0.193837,0.406678,0.318498,0.593948]"
47,28,"[0.962563,0.45985 ,0.48422 ,0.375195,0.181538,0.276231,0.411676]"
47,29,"[0.874147,0.721016,0.584588,0.416037,0.177716,0.177699,0.206517]"
47,30,"[0.863889,0.620127,0.503638,0.275604,0.173212,0.04343 ,0.608048]"
47,31,"[0.834403,0.73667 ,0.589124,0.17445 ,0.115651,0.262512,0.418568]"
47,32,"[0.881738,0.707863,0.59842 ,0.143505,0.401631,0.169057,0.253069]"
47,33,"[0.765586,0.818444,0.573046,0.080011,0.315252,0.534   ,0.151241]"
47,34,"[0.893477,0.169702,0.268014,0.601415,0.465985,0.586252,0.341513]"
47,35,"[0.776692,0.133286,0.275267,0.619356,0.276617,0.82138 ,0.477649]"
47,36,"[0.927443,0.218576,0.313627,0.561019,0.25211 ,0.479056,0.490812]"
47,37,"[0.788155,0.090285,0.32719 ,0.725062,0.302435,0.546942,0.56172 ]"
47,38,"[0.770119,0.020593,0.655647,0.693108,0.452262,0.47532 ,0.349761]"
47,39,"[0.875342,0.403667,0.410519,0.353908,0.156548,0.811424,0.280774]"
47,40,"[0.923878,0.381425,0.636817,0.39365 ,0.10702 ,0.528923,0.273872]"
47,41,"[0.881267,0.593128,0.511937,0.200355,0.013556,0.556108,0.417361]"
47,42,"[0.875084,0.362333,0.336878,0.302481,0.176351,0.453519,0.674567]"
47,43,"[0.724212,0.371043,0.376977,0.320535,0.      ,0.682062,0.772919]"
47,44,"[0.866399,0.229276,0.19129 ,0.390804,0.390705,0.558718,0.626202]"
47,45,"[0.783889,0.33492 ,0.242691,0.190913,0.379467,0.48347 ,0.802037]"
47,46,"[0.766326,0.151881,0.383444,0.206199,0.539997,0.607455,0.670815]"
47,47,"[0.492393,0.305309,0.336145,0.397977,0.308994,0.484027,1.      ]"
48,1,"[0.025135,0.613514,0.794283,0.662355,0.595422,0.431406,0.474011]"
48,2,"[0.017191,0.629816,0.573176,0.658672,0.74415 ,0.507761,0.477693]"
48,3,"[0.115628,0.619384,0.718374,0.800152,0.808614,0.14233 ,0.352181]"
48,4,"[0.079629,0.81514 ,0.675931,0.724381,0.593089,0.269453,0.36301 ]"
48,5,"[0.187541,0.171492,0.645734,0.609437,0.826134,0.652919,0.558904]"
48,6,"[0.36469 ,0.079677,0.749323,0.883813,0.779829,0.391509,0.357892]"
48,7,"[0.127714,0.398604,0.547986,0.602959,0.935057,0.311356,0.645541]"
48,8,"[0.190314,0.433242,0.322241,0.61949 ,0.901841,0.896945,0.298451]"
48,9,"[0.050583,0.456141,0.449144,0.690331,0.791657,0.638146,0.561122]"
48,10,"[0.113215,0.357282,0.504745,0.873452,0.814358,0.604123,0.400226]"
48,11,"[0.100438,0.526222,0.502142,0.947107,0.827837,0.372802,0.34055 ]"
48,12,"[0.064007,0.585305,0.50019 ,0.798594,0.789328,0.619465,0.294733]"
48,13,"[0.584487,0.062242,0.19355 ,0.578225,0.651701,0.721219,0.668089]"
48,14,"[0.33345 ,0.294968,0.201128,0.352406,0.756729,0.80657 ,0.765103]"
48,15,"[0.246524,0.273542,0.193444,0.638366,0.825557,0.721683,0.675583]"
48,16,"[0.12369 ,0.48893 ,0.321979,0.443705,0.712936,0.698319,0.759767]"
48,17,"[0.206595,0.314345,0.28377 ,0.572939,0.580276,0.835917,0.76946 ]"
48,18,"[0.243375,0.458616,0.271382,0.400213,0.410997,0.786428,0.893337]"
48,19,"[0.169197,0.804729,0.136831,0.479245,0.847427,0.384983,0.620581]"
48,20,"[0.184931,0.883967,0.854749,0.351682,0.468801,0.257   ,0.426317]"
48,21,"[0.316496,0.8411  ,0.974917,0.587317,0.254563,0.117815,0.2896  ]"
48,22,"[0.193877,0.970893,0.413003,0.436056,0.232265,0.462028,0.650924]"
48,23,"[0.808265,0.586396,0.727788,0.642266,0.346266,0.088046,0.0606  ]"
48,24,"[0.95283 ,0.43208 ,0.42175 ,0.681349,0.299516,0.166099,0.242497]"
48,25,"[0.879727,0.210222,0.333959,0.90215 ,0.357236,0.302051,0.310922]"
48,26,"[0.92991 ,0.719014,0.24713 ,0.297511,0.34218 ,0.297991,0.295443]"
48,27,"[0.878859,0.694818,0.106375,0.352121,0.105575,0.452099,0.525873]"
48,28,"[0.881639,0.626741,0.095976,0.193837,0.406678,0.318498,0.593948]"
48,29,"[0.962563,0.45985 ,0.48422 ,0.375195,0.181538,0.276231,0.411676]"
48,30,"[0.874147,0.721016,0.584588,0.416037,0.177716,0.177699,0.206517]"
48,31,"[0.863889,0.620127,0.503638,0.275604,0.173212,0.04343 ,0.608048]"
48,32,"[0.834403,0.73667 ,0.589124,0.17445 ,0.115651,0.262512,0.418568]"
48,33,"[0.881738,0.707863,0.59842 ,0.143505,0.401631,0.169057,0.253069]"
48,34,"[0.765586,0.818444,0.573046,0.080011,0.315252,0.534   ,0.151241]"
48,35,"[0.893477,0.169702,0.268014,0.601415,0.465985,0.586252,0.341513]"
48,36,"[0.776692,0.133286,0.275267,0.619356,0.276617,0.82138 ,0.477649]"
48,37,"[0.927443,0.218576,0.313627,0.561019,0.25211 ,0.479056,0.490812]"
48,38,"[0.788155,0.090285,0.32719 ,0.725062,0.302435,0.546942,0.56172 ]"
48,39,"[0.770119,0.020593,0.655647,0.693108,0.452262,0.47532 ,0.349761]"
48,40,"[0.875342,0.403667,0.410519,0.353908,0.156548,0.811424,0.280774]"
48,41,"[0.923878,0.381425,0.636817,0.39365 ,0.10702 ,0.528923,0.273872]"
48,42,"[0.881267,0.593128,0.511937,0.200355,0.013556,0.556108,0.417361]"
48,43,"[0.875084,0.362333,0.336878,0.302481,0.176351,0.453519,0.674567]"
48,44,"[0.724212,0.371043,0.376977,0.320535,0.      ,0.682062,0.772919]"
48,45,"[0.866399,0.229276,0.19129 ,0.390804,0.390705,0.558718,0.626202]"
48,46,"[0.783889,0.33492 ,0.242691,0.190913,0.379467,0.48347 ,0.802037]"
48,47,"[0.766326,0.151881,0.383444,0.206199,0.539997,0.607455,0.670815]"
48,48,"[0.492393,0.305309,0.336145,0.397977,0.308994,0.484027,1.      ]"
49,1,"[0.025135,0.613514,0.794283,0.662355,0.595422,0.431406,0.474011]"
49,2,"[0.017191,0.629816,0.573176,0.658672,0.74415 ,0.507761,0.477693]"
49,3,"[0.115628,0.619384,0.718374,0.800152,0.808614,0.14233 ,0.352181]"
49,4,"[0.079629,0.81514 ,0.675931,0.724381,0.593089,0.269453,0.36301 ]"
49,5,"[0.187541,0.171492,0.645734,0.609437,0.826134,0.652919,0.558904]"
49,6,"[0.36469 ,0.079677,0.749323,0.883813,0.779829,0.391509,0.357892]"
49,7,"[0.127714,0.398604,0.547986,0.602959,0.935057,0.311356,0.645541]"
49,8,"[0.190314,0.433242,0.322241,0.61949 ,0.901841,0.896945,0.298451]"
49,9,"[0.050583,0.456141,0.449144,0.690331,0.791657,0.638146,0.561122]"
49,10,"[0.113215,0.357282,0.504745,0.873452,0.814358,0.604123,0.400226]"
49,11,"[0.100438,0.526222,0.502142,0.947107,0.827837,0.372802,0.34055 ]"
49,12,"[0.064007,0.585305,0.50019 ,0.798594,0.789328,0.619465,0.294733]"
49,13,"[0.584487,0.062242,0.19355 ,0.578225,0.651701,0.721219,0.668089]"
49,14,"[0.33345 ,0.294968,0.201128,0.352406,0.756729,0.80657 ,0.765103]"
49,15,"[0.246524,0.273542,0.193444,0.638366,0.825557,0.721683,0.675583]"
49,16,"[0.12369 ,0.48893 ,0.321979,0.443705,0.712936,0.698319,0.759767]"
49,17,"[0.206595,0.314345,0.28377 ,0.572939,0.580276,0.835917,0.76946 ]"
49,18,"[0.243375,0.458616,0.271382,0.400213,0.410997,0.786428,0.893337]"
49,19,"[0.169197,0.804729,0.136831,0.479245,0.847427,0.384983,0.620581]"
49,20,"[0.184931,0.883967,0.854749,0.351682,0.468801,0.257   ,0.426317]"
49,21,"[0.316496,0.8411  ,0.974917,0.587317,0.254563,0.117815,0.2896  ]"
49,22,"[0.193877,0.970893,0.413003,0.436056,0.232265,0.462028,0.650924]"
49,23,"[0.808265,0.586396,0.727788,0.642266,0.346266,0.088046,0.0606  ]"
49,24,"[0.95283 ,0.43208 ,0.42175 ,0.681349,0.299516,0.166099,0.242497]"
49,25,"[0.879727,0.210222,0.333959,0.90215 ,0.357236,0.302051,0.310922]"
49,26,"[0.92991 ,0.719014,0.24713 ,0.297511,0.34218 ,0.297991,0.295443]"
49,27,"[0.878859,0.694818,0.106375,0.352121,0.105575,0.452099,0.525873]"
49,28,"[0.881639,0.626741,0.095976,0.193837,0.406678,0.318498,0.593948]"
49,29,"[0.939773,0.44173 ,0.618283,0.35838 ,0.16278 ,0.21948 ,0.419222]"
49,30,"[0.978841,0.472793,0.388461,0.387206,0.194937,0.316768,0.406285]"
49,31,"[0.874147,0.721016,0.584588,0.416037,0.177716,0.177699,0.206517]"
49,32,"[0.863889,0.620127,0.503638,0.275604,0.173212,0.04343 ,0.608048]"
49,33,"[0.834403,0.73667 ,0.589124,0.17445 ,0.115651,0.262512,0.418568]"
49,34,"[0.881738,0.707863,0.59842 ,0.143505,0.401631,0.169057,0.253069]"
49,35,"[0.765586,0.818444,0.573046,0.080011,0.315252,0.534   ,0.151241]"
49,36,"[0.893477,0.169702,0.268014,0.601415,0.465985,0.586252,0.341513]"
49,37,"[0.776692,0.133286,0.275267,0.619356,0.276617,0.82138 ,0.477649]"
49,38,"[0.927443,0.218576,0.313627,0.561019,0.25211 ,0.479056,0.490812]"
49,39,"[0.788155,0.090285,0.32719 ,0.725062,0.302435,0.546942,0.56172 ]"
49,40,"[0.770119,0.020593,0.655647,0.693108,0.452262,0.47532 ,0.349761]"
49,41,"[0.875342,0.403667,0.410519,0.353908,0.156548,0.811424,0.280774]"
49,42,"[0.923878,0.381425,0.636817,0.39365 ,0.10702 ,0.528923,0.273872]"
49,43,"[0.881267,0.593128,0.511937,0.200355,0.013556,0.556108,0.417361]"
49,44,"[0.875084,0.362333,0.336878,0.302481,0.176351,0.453519,0.674567]"
49,45,"[0.724212,0.371043,0.376977,0.320535,0.      ,0.682062,0.772919]"
49,46,"[0.866399,0.229276,0.19129 ,0.390804,0.390705,0.558718,0.626202]"
49,47,"[0.783889,0.33492 ,0.242691,0.190913,0.379467,0.48347 ,0.802037]"
49,48,"[0.766326,0.151881,0.383444,0.206199,0.539997,0.607455,0.670815]"
49,49,"[0.492393,0.305309,0.336145,0.397977,0.308994,0.484027,1.      ]"
50,1,"[0.025135,0.613514,0.794283,0.662355,0.595422,0.431406,0.474011]"
50,2,"[0.014981,0.628364,0.559178,0.692648,0.743116,0.490502,0.479149]"
50,3,"[0.03045 ,0.638527,0.657162,0.454816,0.750354,0.611318,0.468954]"
50,4,"[0.115628,0.619384,0.718374,0.800152,0.808614,0.14233 ,0.352181]"
50,5,"[0.079629,0.81514 ,0.675931,0.724381,0.593089,0.269453,0.36301 ]"
50,6,"[0.187541,0.171492,0.645734,0.609437,0.826134,0.652919,0.558904]"
50,7,"[0.36469 ,0.079677,0.749323,0.883813,0.779829,0.391509,0.357892]"
50,8,"[0.127714,0.398604,0.547986,0.602959,0.935057,0.311356,0.645541]"
50,9,"[0.190314,0.433242,0.322241,0.61949 ,0.901841,0.896945,0.298451]"
50,10,"[0.050583,0.456141,0.449144,0.690331,0.791657,0.638146,0.561122]"
50,11,"[0.113215,0.357282,0.504745,0.873452,0.814358,0.604123,0.400226]"
50,12,"[0.100438,0.526222,0.502142,0.947107,0.827837,0.372802,0.34055 ]"
50,13,"[0.064007,0.585305,0.50019 ,0.798594,0.789328,0.619465,0.294733]"
50,14,"[0.584487,0.062242,0.19355 ,0.578225,0.651701,0.721219,0.668089]"
50,15,"[0.33345 ,0.294968,0.201128,0.352406,0.756729,0.80657 ,0.765103]"
50,16,"[0.246524,0.273542,0.193444,0.638366,0.825557,0.721683,0.675583]"
50,17,"[0.12369 ,0.48893 ,0.321979,0.443705,0.712936,0.698319,0.759767]"
50,18,"[0.206595,0.314345,0.28377 ,0.572939,0.580276,0.835917,0.76946 ]"
50,19,"[0.243375,0.458616,0.271382,0.400213,0.410997,0.786428,0.893337]"
50,20,"[0.169197,0.804729,0.136831,0.479245,0.847427,0.384983,0.620581]"
50,21,"[0.184931,0.883967,0.854749,0.351682,0.468801,0.257   ,0.426317]"
50,22,"[0.316496,0.8411  ,0.974917,0.587317,0.254563,0.117815,0.2896  ]"
50,23,"[0.193877,0.970893,0.413003,0.436056,0.232265,0.462028,0.650924]"
50,24,"[0.808265,0.586396,0.727788,0.642266,0.346266,0.088046,0.0606  ]"
50,25,"[0.95283 ,0.43208 ,0.42175 ,0.681349,0.299516,0.166099,0.242497]"
50,26,"[0.879727,0.210222,0.333959,0.90215 ,0.357236,0.302051,0.310922]"
50,27,"[0.92991 ,0.719014,0.24713 ,0.297511,0.34218 ,0.297991,0.295443]"
50,28,"[0.878859,0.694818,0.106375,0.352121,0.105575,0.452099,0.525873]"
50,29,"[0.881639,0.626741,0.095976,0.193837,0.406678,0.318498,0.593948]"
50,30,"[0.939773,0.44173 ,0.618283,0.35838 ,0.16278 ,0.21948 ,0.419222]"
50,31,"[0.978841,0.472793,0.388461,0.387206,0.194937,0.316768,0.406285]"
50,32,"[0.874147,0.721016,0.584588,0.416037,0.177716,0.177699,0.206517]"
50,33,"[0.863889,0.620127,0.503638,0.275604,0.173212,0.04343 ,0.608048]"
50,34,"[0.834403,0.73667 ,0.589124,0.17445 ,0.115651,0.262512,0.418568]"
50,35,"[0.881738,0.707863,0.59842 ,0.143505,0.401631,0.169057,0.253069]"
50,36,"[0.765586,0.818444,0.573046,0.080011,0.315252,0.534   ,0.151241]"
50,37,"[0.893477,0.169702,0.268014,0.601415,0.465985,0.586252,0.341513]"
50,38,"[0.776692,0.133286,0.275267,0.619356,0.276617,0.82138 ,0.477649]"
50,39,"[0.927443,0.218576,0.313627,0.561019,0.25211 ,0.479056,0.490812]"
50,40,"[0.788155,0.090285,0.32719 ,0.725062,0.302435,0.546942,0.56172 ]"
50,41,"[0.770119,0.020593,0.655647,0.693108,0.452262,0.47532 ,0.349761]"
50,42,"[0.875342,0.403667,0.410519,0.353908,0.156548,0.811424,0.280774]"
50,43,"[0.923878,0.381425,0.636817,0.39365 ,0.10702 ,0.528923,0.273872]"
50,44,"[0.881267,0.593128,0.511937,0.200355,0.013556,0.556108,0.417361]"
50,45,"[0.875084,0.362333,0.336878,0.302481,0.176351,0.453519,0.674567]"
50,46,"[0.724212,0.371043,0.376977,0.320535,0.      ,0.682062,0.772919]"
50,47,"[0.866399,0.229276,0.19129 ,0.390804,0.390705,0.558718,0.626202]"
50,48,"[0.783889,0.33492 ,0.242691,0.190913,0.379467,0.48347 ,0.802037]"
50,49,"[0.766326,0.151881,0.383444,0.206199,0.539997,0.607455,0.670815]"
50,50,"[0.492393,0.305309,0.336145,0.397977,0.308994,0.484027,1.      ]"
